CPU Reset (CPU 0)
EAX=00000000 EBX=00000000 ECX=00000000 EDX=00000000
ESI=00000000 EDI=00000000 EBP=00000000 ESP=00000000
EIP=00000000 EFL=00000000 [-------] CPL=0 II=0 A20=0 SMM=0 HLT=0
ES =0000 00000000 00000000 00000000
CS =0000 00000000 00000000 00000000
SS =0000 00000000 00000000 00000000
DS =0000 00000000 00000000 00000000
FS =0000 00000000 00000000 00000000
GS =0000 00000000 00000000 00000000
LDT=0000 00000000 00000000 00000000
TR =0000 00000000 00000000 00000000
GDT=     00000000 00000000
IDT=     00000000 00000000
CR0=00000000 CR2=00000000 CR3=00000000 CR4=00000000
DR0=0000000000000000 DR1=0000000000000000 DR2=0000000000000000 DR3=0000000000000000 
DR6=0000000000000000 DR7=0000000000000000
CCS=00000000 CCD=00000000 CCO=EFLAGS
EFER=0000000000000000
FCW=0000 FSW=0000 [ST=0] FTW=ff MXCSR=00000000
FPR0=0000000000000000 0000 FPR1=0000000000000000 0000
FPR2=0000000000000000 0000 FPR3=0000000000000000 0000
FPR4=0000000000000000 0000 FPR5=0000000000000000 0000
FPR6=0000000000000000 0000 FPR7=0000000000000000 0000
XMM00=0000000000000000 0000000000000000 XMM01=0000000000000000 0000000000000000
XMM02=0000000000000000 0000000000000000 XMM03=0000000000000000 0000000000000000
XMM04=0000000000000000 0000000000000000 XMM05=0000000000000000 0000000000000000
XMM06=0000000000000000 0000000000000000 XMM07=0000000000000000 0000000000000000
CPU Reset (CPU 0)
EAX=00000000 EBX=00000000 ECX=00000000 EDX=00060fb1
ESI=00000000 EDI=00000000 EBP=00000000 ESP=00000000
EIP=0000fff0 EFL=00000002 [-------] CPL=0 II=0 A20=1 SMM=0 HLT=0
ES =0000 00000000 0000ffff 00009300
CS =f000 ffff0000 0000ffff 00009b00
SS =0000 00000000 0000ffff 00009300
DS =0000 00000000 0000ffff 00009300
FS =0000 00000000 0000ffff 00009300
GS =0000 00000000 0000ffff 00009300
LDT=0000 00000000 0000ffff 00008200
TR =0000 00000000 0000ffff 00008b00
GDT=     00000000 0000ffff
IDT=     00000000 0000ffff
CR0=60000010 CR2=00000000 CR3=00000000 CR4=00000000
DR0=0000000000000000 DR1=0000000000000000 DR2=0000000000000000 DR3=0000000000000000 
DR6=00000000ffff0ff0 DR7=0000000000000400
CCS=00000000 CCD=00000000 CCO=EFLAGS
EFER=0000000000000000
FCW=037f FSW=0000 [ST=0] FTW=00 MXCSR=00001f80
FPR0=0000000000000000 0000 FPR1=0000000000000000 0000
FPR2=0000000000000000 0000 FPR3=0000000000000000 0000
FPR4=0000000000000000 0000 FPR5=0000000000000000 0000
FPR6=0000000000000000 0000 FPR7=0000000000000000 0000
XMM00=0000000000000000 0000000000000000 XMM01=0000000000000000 0000000000000000
XMM02=0000000000000000 0000000000000000 XMM03=0000000000000000 0000000000000000
XMM04=0000000000000000 0000000000000000 XMM05=0000000000000000 0000000000000000
XMM06=0000000000000000 0000000000000000 XMM07=0000000000000000 0000000000000000
Servicing hardware INT=0x20
     0: v=20 e=0000 i=0 cpl=0 IP=0038:000000007f098021 pc=000000007f098021 SP=0030:000000007fbec1d8 env->regs[R_EAX]=0000000000000000
RAX=0000000000000000 RBX=0000000000000010 RCX=000000007f0a8340 RDX=000000007f1e5098
RSI=000000007fbc3a80 RDI=0000000000000001 RBP=000000007fbec210 RSP=000000007fbec1d8
R8 =000000000000001a R9 =000000007f0aec77 R10=000000007f0a7644 R11=8000000000000009
R12=0000000000000128 R13=0000000000000007 R14=000fffffc0000000 R15=000000007fc11b40
RIP=000000007f098021 RFL=00000246 [---Z-P-] CPL=0 II=0 A20=1 SMM=0 HLT=0
ES =0030 0000000000000000 ffffffff 00cf9300 DPL=0 DS   [-WA]
CS =0038 0000000000000000 ffffffff 00af9a00 DPL=0 CS64 [-R-]
SS =0030 0000000000000000 ffffffff 00cf9300 DPL=0 DS   [-WA]
DS =0030 0000000000000000 ffffffff 00cf9300 DPL=0 DS   [-WA]
FS =0030 0000000000000000 ffffffff 00cf9300 DPL=0 DS   [-WA]
GS =0030 0000000000000000 ffffffff 00cf9300 DPL=0 DS   [-WA]
LDT=0000 0000000000000000 0000ffff 00008200 DPL=0 LDT
TR =0048 000000007fd2c058 00000067 00008900 DPL=0 TSS64-avl
GDT=     000000007fd2c000 00000057
IDT=     000000007bb8af58 00000fff
CR0=80000033 CR2=0000000000000000 CR3=000000007f401000 CR4=00000660
DR0=0000000000000000 DR1=0000000000000000 DR2=0000000000000000 DR3=0000000000000000 
DR6=00000000ffff0ff0 DR7=0000000000000400
CCS=0000000000000044 CCD=000000007fbec1e0 CCO=EFLAGS
EFER=0000000000000d00
Servicing hardware INT=0x20
     1: v=20 e=0000 i=0 cpl=0 IP=0038:000000007f098021 pc=000000007f098021 SP=0030:000000007fbec1d8 env->regs[R_EAX]=0000000000000000
RAX=0000000000000000 RBX=0000000000000010 RCX=000000007f0a8340 RDX=000000007f1e5098
RSI=000000007fbc3a80 RDI=0000000000000001 RBP=000000007fbec210 RSP=000000007fbec1d8
R8 =000000000000001a R9 =000000007f0aec77 R10=000000007f0a7644 R11=8000000000000009
R12=0000000000000128 R13=0000000000000007 R14=000fffffc0000000 R15=000000007fc11b40
RIP=000000007f098021 RFL=00000246 [---Z-P-] CPL=0 II=0 A20=1 SMM=0 HLT=0
ES =0030 0000000000000000 ffffffff 00cf9300 DPL=0 DS   [-WA]
CS =0038 0000000000000000 ffffffff 00af9a00 DPL=0 CS64 [-R-]
SS =0030 0000000000000000 ffffffff 00cf9300 DPL=0 DS   [-WA]
DS =0030 0000000000000000 ffffffff 00cf9300 DPL=0 DS   [-WA]
FS =0030 0000000000000000 ffffffff 00cf9300 DPL=0 DS   [-WA]
GS =0030 0000000000000000 ffffffff 00cf9300 DPL=0 DS   [-WA]
LDT=0000 0000000000000000 0000ffff 00008200 DPL=0 LDT
TR =0048 000000007fd2c058 00000067 00008900 DPL=0 TSS64-avl
GDT=     000000007fd2c000 00000057
IDT=     000000007bb8af58 00000fff
CR0=80000033 CR2=0000000000000000 CR3=000000007f401000 CR4=00000668
DR0=0000000000000000 DR1=0000000000000000 DR2=0000000000000000 DR3=0000000000000000 
DR6=00000000ffff0ff0 DR7=0000000000000400
CCS=0000000000000044 CCD=000000007fbec1e0 CCO=EFLAGS
EFER=0000000000000d00
Servicing hardware INT=0x20
     2: v=20 e=0000 i=0 cpl=0 IP=0038:000000007f098021 pc=000000007f098021 SP=0030:000000007fbec1d8 env->regs[R_EAX]=0000000000000000
RAX=0000000000000000 RBX=0000000000000010 RCX=000000007f0a8340 RDX=000000007f1e5098
RSI=000000007fbc3a80 RDI=0000000000000001 RBP=000000007fbec210 RSP=000000007fbec1d8
R8 =000000000000001a R9 =000000007f0aec77 R10=000000007f0a7644 R11=8000000000000009
R12=0000000000000128 R13=0000000000000007 R14=000fffffc0000000 R15=000000007fc11b40
RIP=000000007f098021 RFL=00000246 [---Z-P-] CPL=0 II=0 A20=1 SMM=0 HLT=0
ES =0030 0000000000000000 ffffffff 00cf9300 DPL=0 DS   [-WA]
CS =0038 0000000000000000 ffffffff 00af9a00 DPL=0 CS64 [-R-]
SS =0030 0000000000000000 ffffffff 00cf9300 DPL=0 DS   [-WA]
DS =0030 0000000000000000 ffffffff 00cf9300 DPL=0 DS   [-WA]
FS =0030 0000000000000000 ffffffff 00cf9300 DPL=0 DS   [-WA]
GS =0030 0000000000000000 ffffffff 00cf9300 DPL=0 DS   [-WA]
LDT=0000 0000000000000000 0000ffff 00008200 DPL=0 LDT
TR =0048 000000007fd2c058 00000067 00008900 DPL=0 TSS64-avl
GDT=     000000007fd2c000 00000057
IDT=     000000007bb8af58 00000fff
CR0=80000033 CR2=0000000000000000 CR3=000000007f401000 CR4=00000668
DR0=0000000000000000 DR1=0000000000000000 DR2=0000000000000000 DR3=0000000000000000 
DR6=00000000ffff0ff0 DR7=0000000000000400
CCS=0000000000000044 CCD=000000007fbec1e0 CCO=EFLAGS
EFER=0000000000000d00
Servicing hardware INT=0x20
     3: v=20 e=0000 i=0 cpl=0 IP=0038:000000007f098021 pc=000000007f098021 SP=0030:000000007fbec1d8 env->regs[R_EAX]=0000000000000000
RAX=0000000000000000 RBX=0000000000000010 RCX=000000007f0a8340 RDX=000000007f1e5098
RSI=000000007fbc3a80 RDI=0000000000000001 RBP=000000007fbec210 RSP=000000007fbec1d8
R8 =000000000000001a R9 =000000007f0aec77 R10=000000007f0a7644 R11=8000000000000009
R12=0000000000000120 R13=0000000000000005 R14=000fffffc0000000 R15=000000007fc11b40
RIP=000000007f098021 RFL=00000246 [---Z-P-] CPL=0 II=0 A20=1 SMM=0 HLT=0
ES =0030 0000000000000000 ffffffff 00cf9300 DPL=0 DS   [-WA]
CS =0038 0000000000000000 ffffffff 00af9a00 DPL=0 CS64 [-R-]
SS =0030 0000000000000000 ffffffff 00cf9300 DPL=0 DS   [-WA]
DS =0030 0000000000000000 ffffffff 00cf9300 DPL=0 DS   [-WA]
FS =0030 0000000000000000 ffffffff 00cf9300 DPL=0 DS   [-WA]
GS =0030 0000000000000000 ffffffff 00cf9300 DPL=0 DS   [-WA]
LDT=0000 0000000000000000 0000ffff 00008200 DPL=0 LDT
TR =0048 000000007fd2c058 00000067 00008900 DPL=0 TSS64-avl
GDT=     000000007fd2c000 00000057
IDT=     000000007bb8af58 00000fff
CR0=80000033 CR2=0000000000000000 CR3=000000007f401000 CR4=00000668
DR0=0000000000000000 DR1=0000000000000000 DR2=0000000000000000 DR3=0000000000000000 
DR6=00000000ffff0ff0 DR7=0000000000000400
CCS=0000000000000044 CCD=000000007fbec1e0 CCO=EFLAGS
EFER=0000000000000d00
Servicing hardware INT=0x20
     4: v=20 e=0000 i=0 cpl=0 IP=0038:000000007f098021 pc=000000007f098021 SP=0030:000000007fbec1d8 env->regs[R_EAX]=0000000000000000
RAX=0000000000000000 RBX=0000000000000010 RCX=000000007f0a8340 RDX=000000007f1e5098
RSI=000000007fbc3a80 RDI=0000000000000001 RBP=000000007fbec210 RSP=000000007fbec1d8
R8 =000000000000001a R9 =000000007f0aec77 R10=000000007f0a7644 R11=8000000000000009
R12=0000000000000128 R13=0000000000000007 R14=000fffffc0000000 R15=000000007fc11b40
RIP=000000007f098021 RFL=00000246 [---Z-P-] CPL=0 II=0 A20=1 SMM=0 HLT=0
ES =0030 0000000000000000 ffffffff 00cf9300 DPL=0 DS   [-WA]
CS =0038 0000000000000000 ffffffff 00af9a00 DPL=0 CS64 [-R-]
SS =0030 0000000000000000 ffffffff 00cf9300 DPL=0 DS   [-WA]
DS =0030 0000000000000000 ffffffff 00cf9300 DPL=0 DS   [-WA]
FS =0030 0000000000000000 ffffffff 00cf9300 DPL=0 DS   [-WA]
GS =0030 0000000000000000 ffffffff 00cf9300 DPL=0 DS   [-WA]
LDT=0000 0000000000000000 0000ffff 00008200 DPL=0 LDT
TR =0048 000000007fd2c058 00000067 00008900 DPL=0 TSS64-avl
GDT=     000000007fd2c000 00000057
IDT=     000000007bb8af58 00000fff
CR0=80000033 CR2=0000000000000000 CR3=000000007f401000 CR4=00000668
DR0=0000000000000000 DR1=0000000000000000 DR2=0000000000000000 DR3=0000000000000000 
DR6=00000000ffff0ff0 DR7=0000000000000400
CCS=0000000000000044 CCD=000000007fbec1e0 CCO=EFLAGS
EFER=0000000000000d00
Servicing hardware INT=0x20
     5: v=20 e=0000 i=0 cpl=0 IP=0038:000000007f098021 pc=000000007f098021 SP=0030:000000007fbec1d8 env->regs[R_EAX]=0000000000000000
RAX=0000000000000000 RBX=0000000000000010 RCX=000000007f0a8340 RDX=000000007f1e5098
RSI=000000007fbc3a80 RDI=0000000000000001 RBP=000000007fbec210 RSP=000000007fbec1d8
R8 =000000000000001a R9 =000000007f0aec77 R10=000000007f0a7644 R11=8000000000000009
R12=0000000000000120 R13=0000000000000005 R14=000fffffc0000000 R15=000000007fc11b40
RIP=000000007f098021 RFL=00000246 [---Z-P-] CPL=0 II=0 A20=1 SMM=0 HLT=0
ES =0030 0000000000000000 ffffffff 00cf9300 DPL=0 DS   [-WA]
CS =0038 0000000000000000 ffffffff 00af9a00 DPL=0 CS64 [-R-]
SS =0030 0000000000000000 ffffffff 00cf9300 DPL=0 DS   [-WA]
DS =0030 0000000000000000 ffffffff 00cf9300 DPL=0 DS   [-WA]
FS =0030 0000000000000000 ffffffff 00cf9300 DPL=0 DS   [-WA]
GS =0030 0000000000000000 ffffffff 00cf9300 DPL=0 DS   [-WA]
LDT=0000 0000000000000000 0000ffff 00008200 DPL=0 LDT
TR =0048 000000007fd2c058 00000067 00008900 DPL=0 TSS64-avl
GDT=     000000007fd2c000 00000057
IDT=     000000007bb8af58 00000fff
CR0=80000033 CR2=0000000000000000 CR3=000000007f401000 CR4=00000668
DR0=0000000000000000 DR1=0000000000000000 DR2=0000000000000000 DR3=0000000000000000 
DR6=00000000ffff0ff0 DR7=0000000000000400
CCS=0000000000000044 CCD=000000007fbec1e0 CCO=EFLAGS
EFER=0000000000000d00
Servicing hardware INT=0x20
     6: v=20 e=0000 i=0 cpl=0 IP=0038:000000007f098021 pc=000000007f098021 SP=0030:000000007fbec1d8 env->regs[R_EAX]=0000000000000000
RAX=0000000000000000 RBX=0000000000000010 RCX=000000007f0a8340 RDX=000000007f1e5098
RSI=000000007fbc3a80 RDI=0000000000000001 RBP=000000007fbec210 RSP=000000007fbec1d8
R8 =000000000000001a R9 =000000007f0aec77 R10=000000007f0a7644 R11=8000000000000009
R12=0000000000000128 R13=0000000000000007 R14=000fffffc0000000 R15=000000007fc11b40
RIP=000000007f098021 RFL=00000246 [---Z-P-] CPL=0 II=0 A20=1 SMM=0 HLT=0
ES =0030 0000000000000000 ffffffff 00cf9300 DPL=0 DS   [-WA]
CS =0038 0000000000000000 ffffffff 00af9a00 DPL=0 CS64 [-R-]
SS =0030 0000000000000000 ffffffff 00cf9300 DPL=0 DS   [-WA]
DS =0030 0000000000000000 ffffffff 00cf9300 DPL=0 DS   [-WA]
FS =0030 0000000000000000 ffffffff 00cf9300 DPL=0 DS   [-WA]
GS =0030 0000000000000000 ffffffff 00cf9300 DPL=0 DS   [-WA]
LDT=0000 0000000000000000 0000ffff 00008200 DPL=0 LDT
TR =0048 000000007fd2c058 00000067 00008900 DPL=0 TSS64-avl
GDT=     000000007fd2c000 00000057
IDT=     000000007bb8af58 00000fff
CR0=80000033 CR2=0000000000000000 CR3=000000007f401000 CR4=00000668
DR0=0000000000000000 DR1=0000000000000000 DR2=0000000000000000 DR3=0000000000000000 
DR6=00000000ffff0ff0 DR7=0000000000000400
CCS=0000000000000044 CCD=000000007fbec1e0 CCO=EFLAGS
EFER=0000000000000d00
Servicing hardware INT=0x20
     7: v=20 e=0000 i=0 cpl=0 IP=0038:000000007f098021 pc=000000007f098021 SP=0030:000000007fbec1d8 env->regs[R_EAX]=0000000000000000
RAX=0000000000000000 RBX=0000000000000010 RCX=000000007f0a8340 RDX=000000007f1e5098
RSI=000000007fbc3a80 RDI=0000000000000001 RBP=000000007fbec210 RSP=000000007fbec1d8
R8 =000000000000001a R9 =000000007f0aec77 R10=000000007f0a7644 R11=8000000000000009
R12=0000000000000128 R13=0000000000000007 R14=000fffffc0000000 R15=000000007fc11b40
RIP=000000007f098021 RFL=00000246 [---Z-P-] CPL=0 II=0 A20=1 SMM=0 HLT=0
ES =0030 0000000000000000 ffffffff 00cf9300 DPL=0 DS   [-WA]
CS =0038 0000000000000000 ffffffff 00af9a00 DPL=0 CS64 [-R-]
SS =0030 0000000000000000 ffffffff 00cf9300 DPL=0 DS   [-WA]
DS =0030 0000000000000000 ffffffff 00cf9300 DPL=0 DS   [-WA]
FS =0030 0000000000000000 ffffffff 00cf9300 DPL=0 DS   [-WA]
GS =0030 0000000000000000 ffffffff 00cf9300 DPL=0 DS   [-WA]
LDT=0000 0000000000000000 0000ffff 00008200 DPL=0 LDT
TR =0048 000000007fd2c058 00000067 00008900 DPL=0 TSS64-avl
GDT=     000000007fd2c000 00000057
IDT=     000000007bb8af58 00000fff
CR0=80000033 CR2=0000000000000000 CR3=000000007f401000 CR4=00000668
DR0=0000000000000000 DR1=0000000000000000 DR2=0000000000000000 DR3=0000000000000000 
DR6=00000000ffff0ff0 DR7=0000000000000400
CCS=0000000000000044 CCD=000000007fbec1e0 CCO=EFLAGS
EFER=0000000000000d00
Servicing hardware INT=0x20
     8: v=20 e=0000 i=0 cpl=0 IP=0038:000000007f098021 pc=000000007f098021 SP=0030:000000007fbec1d8 env->regs[R_EAX]=0000000000000000
RAX=0000000000000000 RBX=0000000000000010 RCX=000000007f0a8340 RDX=000000007f1e5098
RSI=000000007fbc3a80 RDI=0000000000000001 RBP=000000007fbec210 RSP=000000007fbec1d8
R8 =000000000000001a R9 =000000007f0aec77 R10=000000007f0a7644 R11=8000000000000009
R12=0000000000000128 R13=0000000000000007 R14=000fffffc0000000 R15=000000007fc11b40
RIP=000000007f098021 RFL=00000246 [---Z-P-] CPL=0 II=0 A20=1 SMM=0 HLT=0
ES =0030 0000000000000000 ffffffff 00cf9300 DPL=0 DS   [-WA]
CS =0038 0000000000000000 ffffffff 00af9a00 DPL=0 CS64 [-R-]
SS =0030 0000000000000000 ffffffff 00cf9300 DPL=0 DS   [-WA]
DS =0030 0000000000000000 ffffffff 00cf9300 DPL=0 DS   [-WA]
FS =0030 0000000000000000 ffffffff 00cf9300 DPL=0 DS   [-WA]
GS =0030 0000000000000000 ffffffff 00cf9300 DPL=0 DS   [-WA]
LDT=0000 0000000000000000 0000ffff 00008200 DPL=0 LDT
TR =0048 000000007fd2c058 00000067 00008900 DPL=0 TSS64-avl
GDT=     000000007fd2c000 00000057
IDT=     000000007bb8af58 00000fff
CR0=80000033 CR2=0000000000000000 CR3=000000007f401000 CR4=00000668
DR0=0000000000000000 DR1=0000000000000000 DR2=0000000000000000 DR3=0000000000000000 
DR6=00000000ffff0ff0 DR7=0000000000000400
CCS=0000000000000044 CCD=000000007fbec1e0 CCO=EFLAGS
EFER=0000000000000d00
Servicing hardware INT=0x20
     9: v=20 e=0000 i=0 cpl=0 IP=0038:000000007fc0465c pc=000000007fc0465c SP=0030:000000007fbec740 env->regs[R_EAX]=00000000000000af
RAX=00000000000000af RBX=000000007f040018 RCX=0000000000000000 RDX=000000007f040018
RSI=000000007f042000 RDI=000000007f041908 RBP=000000007fbec7b0 RSP=000000007fbec740
R8 =00000000000000af R9 =0000000000002000 R10=000000007f03ffff R11=ffffffffffffffff
R12=000000007f040018 R13=0000000000000002 R14=0000000000000000 R15=0000000000001918
RIP=000000007fc0465c RFL=00000206 [-----P-] CPL=0 II=0 A20=1 SMM=0 HLT=0
ES =0030 0000000000000000 ffffffff 00cf9300 DPL=0 DS   [-WA]
CS =0038 0000000000000000 ffffffff 00af9a00 DPL=0 CS64 [-R-]
SS =0030 0000000000000000 ffffffff 00cf9300 DPL=0 DS   [-WA]
DS =0030 0000000000000000 ffffffff 00cf9300 DPL=0 DS   [-WA]
FS =0030 0000000000000000 ffffffff 00cf9300 DPL=0 DS   [-WA]
GS =0030 0000000000000000 ffffffff 00cf9300 DPL=0 DS   [-WA]
LDT=0000 0000000000000000 0000ffff 00008200 DPL=0 LDT
TR =0048 000000007fd2c058 00000067 00008900 DPL=0 TSS64-avl
GDT=     000000007fd2c000 00000057
IDT=     000000007bb8af58 00000fff
CR0=80010033 CR2=0000000000000000 CR3=000000007f401000 CR4=00000668
DR0=0000000000000000 DR1=0000000000000000 DR2=0000000000000000 DR3=0000000000000000 
DR6=00000000ffff0ff0 DR7=0000000000000400
CCS=0000000000000004 CCD=00000000000018f0 CCO=EFLAGS
EFER=0000000000000d00
Servicing hardware INT=0x20
    10: v=20 e=0000 i=0 cpl=0 IP=0038:000000007fe2f8bc pc=000000007fe2f8bc SP=0030:000000007fbec9e0 env->regs[R_EAX]=00000000000000ff
RAX=00000000000000ff RBX=000000007fbeca48 RCX=0000000000000000 RDX=000000007ff68000
RSI=000000007fe30100 RDI=000000007ff78000 RBP=000000007fbeca30 RSP=000000007fbec9e0
R8 =00000000000000ff R9 =ffffffffffffffff R10=000000007fe30100 R11=ffffffffffffffff
R12=000000007ecef018 R13=0000000000000000 R14=000000007f03c018 R15=000000007ecef018
RIP=000000007fe2f8bc RFL=00000206 [-----P-] CPL=0 II=0 A20=1 SMM=0 HLT=0
ES =0030 0000000000000000 ffffffff 00cf9300 DPL=0 DS   [-WA]
CS =0038 0000000000000000 ffffffff 00af9a00 DPL=0 CS64 [-R-]
SS =0030 0000000000000000 ffffffff 00cf9300 DPL=0 DS   [-WA]
DS =0030 0000000000000000 ffffffff 00cf9300 DPL=0 DS   [-WA]
FS =0030 0000000000000000 ffffffff 00cf9300 DPL=0 DS   [-WA]
GS =0030 0000000000000000 ffffffff 00cf9300 DPL=0 DS   [-WA]
LDT=0000 0000000000000000 0000ffff 00008200 DPL=0 LDT
TR =0048 000000007fd2c058 00000067 00008900 DPL=0 TSS64-avl
GDT=     000000007fd2c000 00000057
IDT=     000000007bb8af58 00000fff
CR0=80010033 CR2=0000000000000000 CR3=000000007f401000 CR4=00000668
DR0=0000000000000000 DR1=0000000000000000 DR2=0000000000000000 DR3=0000000000000000 
DR6=00000000ffff0ff0 DR7=0000000000000400
CCS=0000000000000004 CCD=000000007ff68000 CCO=EFLAGS
EFER=0000000000000d00
Servicing hardware INT=0x20
    11: v=20 e=0000 i=0 cpl=0 IP=0038:000000007fbeee15 pc=000000007fbeee15 SP=0030:000000007fbecbf8 env->regs[R_EAX]=000000007f024ac0
RAX=000000007f024ac0 RBX=0000000000000000 RCX=000000007f03ac58 RDX=000000007f071620
RSI=000000007f03ac58 RDI=0000000000000000 RBP=000000007fbecc70 RSP=000000007fbecbf8
R8 =00000000000000af R9 =000000007f3feb18 R10=000000000000001c R11=ffffffffffffffff
R12=0000000000000001 R13=000000007f3feb18 R14=000000007fbecce8 R15=000000007f03ac18
RIP=000000007fbeee15 RFL=00000206 [-----P-] CPL=0 II=0 A20=1 SMM=0 HLT=0
ES =0030 0000000000000000 ffffffff 00cf9300 DPL=0 DS   [-WA]
CS =0038 0000000000000000 ffffffff 00af9a00 DPL=0 CS64 [-R-]
SS =0030 0000000000000000 ffffffff 00cf9300 DPL=0 DS   [-WA]
DS =0030 0000000000000000 ffffffff 00cf9300 DPL=0 DS   [-WA]
FS =0030 0000000000000000 ffffffff 00cf9300 DPL=0 DS   [-WA]
GS =0030 0000000000000000 ffffffff 00cf9300 DPL=0 DS   [-WA]
LDT=0000 0000000000000000 0000ffff 00008200 DPL=0 LDT
TR =0048 000000007fd2c058 00000067 00008900 DPL=0 TSS64-avl
GDT=     000000007fd2c000 00000057
IDT=     000000007bb8af58 00000fff
CR0=80010033 CR2=0000000000000000 CR3=000000007f401000 CR4=00000668
DR0=0000000000000000 DR1=0000000000000000 DR2=0000000000000000 DR3=0000000000000000 
DR6=00000000ffff0ff0 DR7=0000000000000400
CCS=0000000000000004 CCD=000000007f03ac18 CCO=EFLAGS
EFER=0000000000000d00
Servicing hardware INT=0x20
    12: v=20 e=0000 i=0 cpl=0 IP=0038:000000007f068df6 pc=000000007f068df6 SP=0030:000000007fbeca60 env->regs[R_EAX]=000000007f068df6
RAX=000000007f068df6 RBX=0000000000000000 RCX=0000000000000000 RDX=000000007f0220ac
RSI=000000007f06d4e0 RDI=000000007f06e100 RBP=000000007fbecb70 RSP=000000007fbeca60
R8 =0000000000000004 R9 =000000007f0220af R10=000000007fc05c00 R11=000000007f022a88
R12=000000007f0220ac R13=000000007f022f18 R14=000000007fbecc48 R15=000000007f022e18
RIP=000000007f068df6 RFL=00000207 [-----PC] CPL=0 II=0 A20=1 SMM=0 HLT=0
ES =0030 0000000000000000 ffffffff 00cf9300 DPL=0 DS   [-WA]
CS =0038 0000000000000000 ffffffff 00af9a00 DPL=0 CS64 [-R-]
SS =0030 0000000000000000 ffffffff 00cf9300 DPL=0 DS   [-WA]
DS =0030 0000000000000000 ffffffff 00cf9300 DPL=0 DS   [-WA]
FS =0030 0000000000000000 ffffffff 00cf9300 DPL=0 DS   [-WA]
GS =0030 0000000000000000 ffffffff 00cf9300 DPL=0 DS   [-WA]
LDT=0000 0000000000000000 0000ffff 00008200 DPL=0 LDT
TR =0048 000000007fd2c058 00000067 00008900 DPL=0 TSS64-avl
GDT=     000000007fd2c000 00000057
IDT=     000000007bb8af58 00000fff
CR0=80010033 CR2=0000000000000000 CR3=000000007f401000 CR4=00000668
DR0=0000000000000000 DR1=0000000000000000 DR2=0000000000000000 DR3=0000000000000000 
DR6=00000000ffff0ff0 DR7=0000000000000400
CCS=0000000000000005 CCD=000000007f068df6 CCO=EFLAGS
EFER=0000000000000d00
Servicing hardware INT=0x20
    13: v=20 e=0000 i=0 cpl=0 IP=0038:000000007f098021 pc=000000007f098021 SP=0030:000000007fbec938 env->regs[R_EAX]=0000000000000000
RAX=0000000000000000 RBX=0000000000000004 RCX=000000007f0a8340 RDX=000000007f022bd8
RSI=000000007f021db0 RDI=0000000000000001 RBP=000000007fbec970 RSP=000000007fbec938
R8 =00000000000000af R9 =000000007f022bd8 R10=0000000000000001 R11=000000007f08b080
R12=800000000000000e R13=000000007f022698 R14=0000000000000000 R15=000000007fc11b40
RIP=000000007f098021 RFL=00000246 [---Z-P-] CPL=0 II=0 A20=1 SMM=0 HLT=0
ES =0030 0000000000000000 ffffffff 00cf9300 DPL=0 DS   [-WA]
CS =0038 0000000000000000 ffffffff 00af9a00 DPL=0 CS64 [-R-]
SS =0030 0000000000000000 ffffffff 00cf9300 DPL=0 DS   [-WA]
DS =0030 0000000000000000 ffffffff 00cf9300 DPL=0 DS   [-WA]
FS =0030 0000000000000000 ffffffff 00cf9300 DPL=0 DS   [-WA]
GS =0030 0000000000000000 ffffffff 00cf9300 DPL=0 DS   [-WA]
LDT=0000 0000000000000000 0000ffff 00008200 DPL=0 LDT
TR =0048 000000007fd2c058 00000067 00008900 DPL=0 TSS64-avl
GDT=     000000007fd2c000 00000057
IDT=     000000007bb8af58 00000fff
CR0=80010033 CR2=0000000000000000 CR3=000000007f401000 CR4=00000668
DR0=0000000000000000 DR1=0000000000000000 DR2=0000000000000000 DR3=0000000000000000 
DR6=00000000ffff0ff0 DR7=0000000000000400
CCS=0000000000000044 CCD=000000007fbec940 CCO=EFLAGS
EFER=0000000000000d00
Servicing hardware INT=0x20
    14: v=20 e=0000 i=0 cpl=0 IP=0038:000000007ecedaf0 pc=000000007ecedaf0 SP=0030:000000007fbecc50 env->regs[R_EAX]=0000000000000018
RAX=0000000000000018 RBX=0000000000000007 RCX=0000000000000000 RDX=000000007fbc4b00
RSI=000000002f632700 RDI=0000000038010000 RBP=000000007fbeccf0 RSP=000000007fbecc50
R8 =0000000000000000 R9 =000000007fbc4be9 R10=4dc13f2790003a9a R11=11d493d77739f24c
R12=0000000000000000 R13=0000000000000000 R14=000000000000000f R15=000000007ecedd7b
RIP=000000007ecedaf0 RFL=00000246 [---Z-P-] CPL=0 II=0 A20=1 SMM=0 HLT=0
ES =0030 0000000000000000 ffffffff 00cf9300 DPL=0 DS   [-WA]
CS =0038 0000000000000000 ffffffff 00af9a00 DPL=0 CS64 [-R-]
SS =0030 0000000000000000 ffffffff 00cf9300 DPL=0 DS   [-WA]
DS =0030 0000000000000000 ffffffff 00cf9300 DPL=0 DS   [-WA]
FS =0030 0000000000000000 ffffffff 00cf9300 DPL=0 DS   [-WA]
GS =0030 0000000000000000 ffffffff 00cf9300 DPL=0 DS   [-WA]
LDT=0000 0000000000000000 0000ffff 00008200 DPL=0 LDT
TR =0048 000000007fd2c058 00000067 00008900 DPL=0 TSS64-avl
GDT=     000000007fd2c000 00000057
IDT=     000000007bb8af58 00000fff
CR0=80010033 CR2=0000000000000000 CR3=000000007f401000 CR4=00000668
DR0=0000000000000000 DR1=0000000000000000 DR2=0000000000000000 DR3=0000000000000000 
DR6=00000000ffff0ff0 DR7=0000000000000400
CCS=0000000000000044 CCD=0000000000000000 CCO=EFLAGS
EFER=0000000000000d00
Servicing hardware INT=0x20
    15: v=20 e=0000 i=0 cpl=0 IP=0038:000000007fc0465c pc=000000007fc0465c SP=0030:000000007fbec7a0 env->regs[R_EAX]=00000000000000af
RAX=00000000000000af RBX=0000000000000001 RCX=0000000000000000 RDX=000000007ec6a000
RSI=000000007fc08888 RDI=000000007ec6d000 RBP=000000007fbec830 RSP=000000007fbec7a0
R8 =00000000000000af R9 =0000000000000000 R10=000000007fc3dfff R11=ffffffffffffffff
R12=000000007ec6cfff R13=000000007fc07450 R14=000000007ec6d000 R15=000000007ec6a000
RIP=000000007fc0465c RFL=00000206 [-----P-] CPL=0 II=0 A20=1 SMM=0 HLT=0
ES =0030 0000000000000000 ffffffff 00cf9300 DPL=0 DS   [-WA]
CS =0038 0000000000000000 ffffffff 00af9a00 DPL=0 CS64 [-R-]
SS =0030 0000000000000000 ffffffff 00cf9300 DPL=0 DS   [-WA]
DS =0030 0000000000000000 ffffffff 00cf9300 DPL=0 DS   [-WA]
FS =0030 0000000000000000 ffffffff 00cf9300 DPL=0 DS   [-WA]
GS =0030 0000000000000000 ffffffff 00cf9300 DPL=0 DS   [-WA]
LDT=0000 0000000000000000 0000ffff 00008200 DPL=0 LDT
TR =0048 000000007fd2c058 00000067 00008900 DPL=0 TSS64-avl
GDT=     000000007fd2c000 00000057
IDT=     000000007bb8af58 00000fff
CR0=80010033 CR2=0000000000000000 CR3=000000007f401000 CR4=00000668
DR0=0000000000000000 DR1=0000000000000000 DR2=0000000000000000 DR3=0000000000000000 
DR6=00000000ffff0ff0 DR7=0000000000000400
CCS=0000000000000004 CCD=0000000000003000 CCO=EFLAGS
EFER=0000000000000d00
Servicing hardware INT=0x20
    16: v=20 e=0000 i=0 cpl=0 IP=0038:000000007fc0465c pc=000000007fc0465c SP=0030:000000007fbec840 env->regs[R_EAX]=00000000000000af
RAX=00000000000000af RBX=000000007ec45018 RCX=0000000000000000 RDX=000000007ec45000
RSI=000000007fbec92c RDI=000000007ec47788 RBP=000000007fbec8b0 RSP=000000007fbec840
R8 =00000000000000af R9 =0000000000003000 R10=000000007ec44fff R11=ffffffffffffffff
R12=0000000000002788 R13=000000007ec45000 R14=0000000000000009 R15=000000007fc08dc0
RIP=000000007fc0465c RFL=00000206 [-----P-] CPL=0 II=0 A20=1 SMM=0 HLT=0
ES =0030 0000000000000000 ffffffff 00cf9300 DPL=0 DS   [-WA]
CS =0038 0000000000000000 ffffffff 00af9a00 DPL=0 CS64 [-R-]
SS =0030 0000000000000000 ffffffff 00cf9300 DPL=0 DS   [-WA]
DS =0030 0000000000000000 ffffffff 00cf9300 DPL=0 DS   [-WA]
FS =0030 0000000000000000 ffffffff 00cf9300 DPL=0 DS   [-WA]
GS =0030 0000000000000000 ffffffff 00cf9300 DPL=0 DS   [-WA]
LDT=0000 0000000000000000 0000ffff 00008200 DPL=0 LDT
TR =0048 000000007fd2c058 00000067 00008900 DPL=0 TSS64-avl
GDT=     000000007fd2c000 00000057
IDT=     000000007bb8af58 00000fff
CR0=80010033 CR2=0000000000000000 CR3=000000007f401000 CR4=00000668
DR0=0000000000000000 DR1=0000000000000000 DR2=0000000000000000 DR3=0000000000000000 
DR6=00000000ffff0ff0 DR7=0000000000000400
CCS=0000000000000004 CCD=0000000000002788 CCO=EFLAGS
EFER=0000000000000d00
Servicing hardware INT=0x20
    17: v=20 e=0000 i=0 cpl=0 IP=0038:000000007fc0465c pc=000000007fc0465c SP=0030:000000007fbeca60 env->regs[R_EAX]=00000000000000af
RAX=00000000000000af RBX=000000007ec36018 RCX=0000000000000000 RDX=000000007ec36000
RSI=000000007fbecb4c RDI=000000007ec3b028 RBP=000000007fbecad0 RSP=000000007fbeca60
R8 =00000000000000af R9 =0000000000003000 R10=000000007ec43fff R11=000000000002600f
R12=0000000000005028 R13=000000007ec36000 R14=000000000000000b R15=000000007fc08dc0
RIP=000000007fc0465c RFL=00000206 [-----P-] CPL=0 II=0 A20=1 SMM=0 HLT=0
ES =0030 0000000000000000 ffffffff 00cf9300 DPL=0 DS   [-WA]
CS =0038 0000000000000000 ffffffff 00af9a00 DPL=0 CS64 [-R-]
SS =0030 0000000000000000 ffffffff 00cf9300 DPL=0 DS   [-WA]
DS =0030 0000000000000000 ffffffff 00cf9300 DPL=0 DS   [-WA]
FS =0030 0000000000000000 ffffffff 00cf9300 DPL=0 DS   [-WA]
GS =0030 0000000000000000 ffffffff 00cf9300 DPL=0 DS   [-WA]
LDT=0000 0000000000000000 0000ffff 00008200 DPL=0 LDT
TR =0048 000000007fd2c058 00000067 00008900 DPL=0 TSS64-avl
GDT=     000000007fd2c000 00000057
IDT=     000000007bb8af58 00000fff
CR0=80010033 CR2=0000000000000000 CR3=000000007f401000 CR4=00000668
DR0=0000000000000000 DR1=0000000000000000 DR2=0000000000000000 DR3=0000000000000000 
DR6=00000000ffff0ff0 DR7=0000000000000400
CCS=0000000000000004 CCD=0000000000005028 CCO=EFLAGS
EFER=0000000000000d00
Servicing hardware INT=0x20
    18: v=20 e=0000 i=0 cpl=0 IP=0038:000000007fc0465c pc=000000007fc0465c SP=0030:000000007fbec740 env->regs[R_EAX]=00000000000000af
RAX=00000000000000af RBX=000000007ec38018 RCX=0000000000000000 RDX=000000007ec38018
RSI=000000007ec3c000 RDI=000000007ec3acb8 RBP=000000007fbec7b0 RSP=000000007fbec740
R8 =00000000000000af R9 =0000000000003000 R10=000000007ec37fff R11=ffffffffffffffff
R12=000000007ec38018 R13=0000000000000003 R14=0000000000000000 R15=0000000000002cc8
RIP=000000007fc0465c RFL=00000206 [-----P-] CPL=0 II=0 A20=1 SMM=0 HLT=0
ES =0030 0000000000000000 ffffffff 00cf9300 DPL=0 DS   [-WA]
CS =0038 0000000000000000 ffffffff 00af9a00 DPL=0 CS64 [-R-]
SS =0030 0000000000000000 ffffffff 00cf9300 DPL=0 DS   [-WA]
DS =0030 0000000000000000 ffffffff 00cf9300 DPL=0 DS   [-WA]
FS =0030 0000000000000000 ffffffff 00cf9300 DPL=0 DS   [-WA]
GS =0030 0000000000000000 ffffffff 00cf9300 DPL=0 DS   [-WA]
LDT=0000 0000000000000000 0000ffff 00008200 DPL=0 LDT
TR =0048 000000007fd2c058 00000067 00008900 DPL=0 TSS64-avl
GDT=     000000007fd2c000 00000057
IDT=     000000007bb8af58 00000fff
CR0=80010033 CR2=0000000000000000 CR3=000000007f401000 CR4=00000668
DR0=0000000000000000 DR1=0000000000000000 DR2=0000000000000000 DR3=0000000000000000 
DR6=00000000ffff0ff0 DR7=0000000000000400
CCS=0000000000000004 CCD=0000000000002ca0 CCO=EFLAGS
EFER=0000000000000d00
Servicing hardware INT=0x20
    19: v=20 e=0000 i=0 cpl=0 IP=0038:000000007fbeeb3a pc=000000007fbeeb3a SP=0030:000000007fbec888 env->regs[R_EAX]=000000007ec01b20
RAX=000000007ec01b20 RBX=8000000000000002 RCX=000000007ec01b98 RDX=000000007fbec8fc
RSI=000000007ec01c18 RDI=000000007fc07480 RBP=000000007fbec8c0 RSP=000000007fbec888
R8 =000000007fc07750 R9 =000000007ec01c18 R10=0000000000000008 R11=000000007ec39c20
R12=000000007ec01b98 R13=000000007fbec8fc R14=000000007ec01c18 R15=0000000000000000
RIP=000000007fbeeb3a RFL=00000202 [-------] CPL=0 II=0 A20=1 SMM=0 HLT=0
ES =0030 0000000000000000 ffffffff 00cf9300 DPL=0 DS   [-WA]
CS =0038 0000000000000000 ffffffff 00af9a00 DPL=0 CS64 [-R-]
SS =0030 0000000000000000 ffffffff 00cf9300 DPL=0 DS   [-WA]
DS =0030 0000000000000000 ffffffff 00cf9300 DPL=0 DS   [-WA]
FS =0030 0000000000000000 ffffffff 00cf9300 DPL=0 DS   [-WA]
GS =0030 0000000000000000 ffffffff 00cf9300 DPL=0 DS   [-WA]
LDT=0000 0000000000000000 0000ffff 00008200 DPL=0 LDT
TR =0048 000000007fd2c058 00000067 00008900 DPL=0 TSS64-avl
GDT=     000000007fd2c000 00000057
IDT=     000000007bb8af58 00000fff
CR0=80010033 CR2=0000000000000000 CR3=000000007f401000 CR4=00000668
DR0=0000000000000000 DR1=0000000000000000 DR2=0000000000000000 DR3=0000000000000000 
DR6=00000000ffff0ff0 DR7=0000000000000400
CCS=0000000000000000 CCD=000000007ec01b98 CCO=EFLAGS
EFER=0000000000000d00
Servicing hardware INT=0x20
    20: v=20 e=0000 i=0 cpl=0 IP=0038:000000007fbf4cbc pc=000000007fbf4cbc SP=0030:000000007fbec8c0 env->regs[R_EAX]=000000007f3fed20
RAX=000000007f3fed20 RBX=000000007fbec940 RCX=0000000000000010 RDX=000000007f022420
RSI=0000000000000001 RDI=000000007fc076b0 RBP=000000007fbec910 RSP=000000007fbec8c0
R8 =00000000000000af R9 =000000007e9ca818 R10=0000000000000008 R11=000000007e9cb220
R12=000000007fbec948 R13=000000000000005e R14=000000007fc07750 R15=0000000000000000
RIP=000000007fbf4cbc RFL=00000203 [------C] CPL=0 II=0 A20=1 SMM=0 HLT=0
ES =0030 0000000000000000 ffffffff 00cf9300 DPL=0 DS   [-WA]
CS =0038 0000000000000000 ffffffff 00af9a00 DPL=0 CS64 [-R-]
SS =0030 0000000000000000 ffffffff 00cf9300 DPL=0 DS   [-WA]
DS =0030 0000000000000000 ffffffff 00cf9300 DPL=0 DS   [-WA]
FS =0030 0000000000000000 ffffffff 00cf9300 DPL=0 DS   [-WA]
GS =0030 0000000000000000 ffffffff 00cf9300 DPL=0 DS   [-WA]
LDT=0000 0000000000000000 0000ffff 00008200 DPL=0 LDT
TR =0048 000000007fd2c058 00000067 00008900 DPL=0 TSS64-avl
GDT=     000000007fd2c000 00000057
IDT=     000000007bb8af58 00000fff
CR0=80010033 CR2=0000000000000000 CR3=000000007f401000 CR4=00000668
DR0=0000000000000000 DR1=0000000000000000 DR2=0000000000000000 DR3=0000000000000000 
DR6=00000000ffff0ff0 DR7=0000000000000400
CCS=0000000000000001 CCD=000000000000005e CCO=EFLAGS
EFER=0000000000000d00
Servicing hardware INT=0x20
    21: v=20 e=0000 i=0 cpl=0 IP=0038:000000007fc0465c pc=000000007fc0465c SP=0030:000000007fbeca60 env->regs[R_EAX]=00000000000000af
RAX=00000000000000af RBX=000000007e95e018 RCX=0000000000000000 RDX=000000007e95e000
RSI=000000007fbecb4c RDI=000000007e967028 RBP=000000007fbecad0 RSP=000000007fbeca60
R8 =00000000000000af R9 =0000000000004000 R10=000000007fc3dfff R11=ffffffffffffffff
R12=0000000000009028 R13=000000007e95e000 R14=000000000000000c R15=000000007fc08dc0
RIP=000000007fc0465c RFL=00000206 [-----P-] CPL=0 II=0 A20=1 SMM=0 HLT=0
ES =0030 0000000000000000 ffffffff 00cf9300 DPL=0 DS   [-WA]
CS =0038 0000000000000000 ffffffff 00af9a00 DPL=0 CS64 [-R-]
SS =0030 0000000000000000 ffffffff 00cf9300 DPL=0 DS   [-WA]
DS =0030 0000000000000000 ffffffff 00cf9300 DPL=0 DS   [-WA]
FS =0030 0000000000000000 ffffffff 00cf9300 DPL=0 DS   [-WA]
GS =0030 0000000000000000 ffffffff 00cf9300 DPL=0 DS   [-WA]
LDT=0000 0000000000000000 0000ffff 00008200 DPL=0 LDT
TR =0048 000000007fd2c058 00000067 00008900 DPL=0 TSS64-avl
GDT=     000000007fd2c000 00000057
IDT=     000000007bb8af58 00000fff
CR0=80010033 CR2=0000000000000000 CR3=000000007f401000 CR4=00000668
DR0=0000000000000000 DR1=0000000000000000 DR2=0000000000000000 DR3=0000000000000000 
DR6=00000000ffff0ff0 DR7=0000000000000400
CCS=0000000000000004 CCD=0000000000009028 CCO=EFLAGS
EFER=0000000000000d00
Servicing hardware INT=0x20
    22: v=20 e=0000 i=0 cpl=0 IP=0038:000000007ec6389c pc=000000007ec6389c SP=0030:000000007fbec6e8 env->regs[R_EAX]=800000000000000e
RAX=800000000000000e RBX=000000007e9a1018 RCX=000000007fbec6f6 RDX=000000007fbec6f7
RSI=0000000000000000 RDI=000000007e9a1018 RBP=000000007fbec730 RSP=000000007fbec6e8
R8 =0000000000000000 R9 =000000007fbec5bf R10=0000000000000001 R11=000000007f0771f0
R12=000000007f079540 R13=000000007f077c98 R14=0000000000000000 R15=0000000000000000
RIP=000000007ec6389c RFL=00000246 [---Z-P-] CPL=0 II=0 A20=1 SMM=0 HLT=0
ES =0030 0000000000000000 ffffffff 00cf9300 DPL=0 DS   [-WA]
CS =0038 0000000000000000 ffffffff 00af9a00 DPL=0 CS64 [-R-]
SS =0030 0000000000000000 ffffffff 00cf9300 DPL=0 DS   [-WA]
DS =0030 0000000000000000 ffffffff 00cf9300 DPL=0 DS   [-WA]
FS =0030 0000000000000000 ffffffff 00cf9300 DPL=0 DS   [-WA]
GS =0030 0000000000000000 ffffffff 00cf9300 DPL=0 DS   [-WA]
LDT=0000 0000000000000000 0000ffff 00008200 DPL=0 LDT
TR =0048 000000007fd2c058 00000067 00008900 DPL=0 TSS64-avl
GDT=     000000007fd2c000 00000057
IDT=     000000007bb8af58 00000fff
CR0=80010033 CR2=0000000000000000 CR3=000000007f401000 CR4=00000668
DR0=0000000000000000 DR1=0000000000000000 DR2=0000000000000000 DR3=0000000000000000 
DR6=00000000ffff0ff0 DR7=0000000000000400
CCS=0000000000000044 CCD=0000000000000000 CCO=EFLAGS
EFER=0000000000000d00
Servicing hardware INT=0x20
    23: v=20 e=0000 i=0 cpl=0 IP=0038:000000007f0342fb pc=000000007f0342fb SP=0030:000000007fbec6c8 env->regs[R_EAX]=000000007e9a1f46
RAX=000000007e9a1f46 RBX=000000007e9a1018 RCX=000000007f079540 RDX=000000007f077c98
RSI=0000000000000000 RDI=00000000000000ff RBP=000000007fbec730 RSP=000000007fbec6c8
R8 =000000007e9a1f18 R9 =0000000000000000 R10=0000000000000001 R11=000000007f0771f0
R12=000000007f079540 R13=000000007f077c98 R14=0000000000000100 R15=0000000000000079
RIP=000000007f0342fb RFL=00000246 [---Z-P-] CPL=0 II=0 A20=1 SMM=0 HLT=0
ES =0030 0000000000000000 ffffffff 00cf9300 DPL=0 DS   [-WA]
CS =0038 0000000000000000 ffffffff 00af9a00 DPL=0 CS64 [-R-]
SS =0030 0000000000000000 ffffffff 00cf9300 DPL=0 DS   [-WA]
DS =0030 0000000000000000 ffffffff 00cf9300 DPL=0 DS   [-WA]
FS =0030 0000000000000000 ffffffff 00cf9300 DPL=0 DS   [-WA]
GS =0030 0000000000000000 ffffffff 00cf9300 DPL=0 DS   [-WA]
LDT=0000 0000000000000000 0000ffff 00008200 DPL=0 LDT
TR =0048 000000007fd2c058 00000067 00008900 DPL=0 TSS64-avl
GDT=     000000007fd2c000 00000057
IDT=     000000007bb8af58 00000fff
CR0=80010033 CR2=0000000000000000 CR3=000000007f401000 CR4=00000668
DR0=0000000000000000 DR1=0000000000000000 DR2=0000000000000000 DR3=0000000000000000 
DR6=00000000ffff0ff0 DR7=0000000000000400
CCS=0000000000000044 CCD=0000000000000000 CCO=EFLAGS
EFER=0000000000000d00
Servicing hardware INT=0x20
    24: v=20 e=0000 i=0 cpl=0 IP=0038:000000007f0cb0f5 pc=000000007f0cb0f5 SP=0030:000000007fbec270 env->regs[R_EAX]=0000000000000000
RAX=0000000000000000 RBX=0000000081002eac RCX=0000000000000002 RDX=000000007f0cbcb8
RSI=0000000000000002 RDI=0000000000000000 RBP=000000007fbec280 RSP=000000007fbec270
R8 =000000007e912018 R9 =0000000000009a7f R10=0000000000000002 R11=00000000dfffffff
R12=000000007e914ec4 R13=0000000000008ed5 R14=0000000000000004 R15=0000000000000004
RIP=000000007f0cb0f5 RFL=00000202 [-------] CPL=0 II=0 A20=1 SMM=0 HLT=0
ES =0030 0000000000000000 ffffffff 00cf9300 DPL=0 DS   [-WA]
CS =0038 0000000000000000 ffffffff 00af9a00 DPL=0 CS64 [-R-]
SS =0030 0000000000000000 ffffffff 00cf9300 DPL=0 DS   [-WA]
DS =0030 0000000000000000 ffffffff 00cf9300 DPL=0 DS   [-WA]
FS =0030 0000000000000000 ffffffff 00cf9300 DPL=0 DS   [-WA]
GS =0030 0000000000000000 ffffffff 00cf9300 DPL=0 DS   [-WA]
LDT=0000 0000000000000000 0000ffff 00008200 DPL=0 LDT
TR =0048 000000007fd2c058 00000067 00008900 DPL=0 TSS64-avl
GDT=     000000007fd2c000 00000057
IDT=     000000007bb8af58 00000fff
CR0=80010033 CR2=0000000000000000 CR3=000000007f401000 CR4=00000668
DR0=0000000000000000 DR1=0000000000000000 DR2=0000000000000000 DR3=0000000000000000 
DR6=00000000ffff0ff0 DR7=0000000000000400
CCS=0000000000000000 CCD=0000000000000001 CCO=EFLAGS
EFER=0000000000000d00
Servicing hardware INT=0x20
    25: v=20 e=0000 i=0 cpl=0 IP=0038:000000007f0362d7 pc=000000007f0362d7 SP=0030:000000007fbec430 env->regs[R_EAX]=00000000e0000000
RAX=00000000e0000000 RBX=00000000e00fb004 RCX=00000000000fb004 RDX=000000007f038500
RSI=00000000ffff0000 RDI=000000007fbec660 RBP=000000007fbec490 RSP=000000007fbec430
R8 =0000000000000000 R9 =000000007fbec57f R10=0000000000000001 R11=000000007f0771f0
R12=00000000000fb006 R13=00000000000fb004 R14=0000000000000002 R15=0000000000000000
RIP=000000007f0362d7 RFL=00000246 [---Z-P-] CPL=0 II=0 A20=1 SMM=0 HLT=0
ES =0030 0000000000000000 ffffffff 00cf9300 DPL=0 DS   [-WA]
CS =0038 0000000000000000 ffffffff 00af9a00 DPL=0 CS64 [-R-]
SS =0030 0000000000000000 ffffffff 00cf9300 DPL=0 DS   [-WA]
DS =0030 0000000000000000 ffffffff 00cf9300 DPL=0 DS   [-WA]
FS =0030 0000000000000000 ffffffff 00cf9300 DPL=0 DS   [-WA]
GS =0030 0000000000000000 ffffffff 00cf9300 DPL=0 DS   [-WA]
LDT=0000 0000000000000000 0000ffff 00008200 DPL=0 LDT
TR =0048 000000007fd2c058 00000067 00008900 DPL=0 TSS64-avl
GDT=     000000007fd2c000 00000057
IDT=     000000007bb8af58 00000fff
CR0=80010033 CR2=0000000000000000 CR3=000000007f401000 CR4=00000668
DR0=0000000000000000 DR1=0000000000000000 DR2=0000000000000000 DR3=0000000000000000 
DR6=00000000ffff0ff0 DR7=0000000000000400
CCS=0000000000000044 CCD=00000000e0000000 CCO=EFLAGS
EFER=0000000000000d00
Servicing hardware INT=0x20
    26: v=20 e=0000 i=0 cpl=0 IP=0038:000000007f03663c pc=000000007f03663c SP=0030:000000007fbec380 env->regs[R_EAX]=00000000e0000000
RAX=00000000e0000000 RBX=0000000000000000 RCX=00000000000fb004 RDX=0000000000000000
RSI=00000000e00fb004 RDI=0000000000000000 RBP=000000007fbec3e0 RSP=000000007fbec380
R8 =0000000000000000 R9 =000000007fbec4cf R10=0000000000000001 R11=0000000000000000
R12=000000007fbec5b0 R13=00000000000fb004 R14=0000000000000002 R15=00000000000fb006
RIP=000000007f03663c RFL=00000246 [---Z-P-] CPL=0 II=0 A20=1 SMM=0 HLT=0
ES =0030 0000000000000000 ffffffff 00cf9300 DPL=0 DS   [-WA]
CS =0038 0000000000000000 ffffffff 00af9a00 DPL=0 CS64 [-R-]
SS =0030 0000000000000000 ffffffff 00cf9300 DPL=0 DS   [-WA]
DS =0030 0000000000000000 ffffffff 00cf9300 DPL=0 DS   [-WA]
FS =0030 0000000000000000 ffffffff 00cf9300 DPL=0 DS   [-WA]
GS =0030 0000000000000000 ffffffff 00cf9300 DPL=0 DS   [-WA]
LDT=0000 0000000000000000 0000ffff 00008200 DPL=0 LDT
TR =0048 000000007fd2c058 00000067 00008900 DPL=0 TSS64-avl
GDT=     000000007fd2c000 00000057
IDT=     000000007bb8af58 00000fff
CR0=80010033 CR2=0000000000000000 CR3=000000007f401000 CR4=00000668
DR0=0000000000000000 DR1=0000000000000000 DR2=0000000000000000 DR3=0000000000000000 
DR6=00000000ffff0ff0 DR7=0000000000000400
CCS=0000000000000044 CCD=00000000e0000000 CCO=EFLAGS
EFER=0000000000000d00
Servicing hardware INT=0x20
    27: v=20 e=0000 i=0 cpl=0 IP=0038:000000007f03641b pc=000000007f03641b SP=0030:000000007fbec420 env->regs[R_EAX]=00000000e0000000
RAX=00000000e0000000 RBX=00000000e000801c RCX=000000000000801c RDX=0000000081085000
RSI=000000007fbec67c RDI=0000000000008020 RBP=000000007fbec480 RSP=000000007fbec420
R8 =0000000000000000 R9 =000000007fbec56f R10=0000000000000001 R11=000000007f0771f0
R12=0000000000000000 R13=000000000000801c R14=0000000000000004 R15=000000000000801c
RIP=000000007f03641b RFL=00000246 [---Z-P-] CPL=0 II=0 A20=1 SMM=0 HLT=0
ES =0030 0000000000000000 ffffffff 00cf9300 DPL=0 DS   [-WA]
CS =0038 0000000000000000 ffffffff 00af9a00 DPL=0 CS64 [-R-]
SS =0030 0000000000000000 ffffffff 00cf9300 DPL=0 DS   [-WA]
DS =0030 0000000000000000 ffffffff 00cf9300 DPL=0 DS   [-WA]
FS =0030 0000000000000000 ffffffff 00cf9300 DPL=0 DS   [-WA]
GS =0030 0000000000000000 ffffffff 00cf9300 DPL=0 DS   [-WA]
LDT=0000 0000000000000000 0000ffff 00008200 DPL=0 LDT
TR =0048 000000007fd2c058 00000067 00008900 DPL=0 TSS64-avl
GDT=     000000007fd2c000 00000057
IDT=     000000007bb8af58 00000fff
CR0=80010033 CR2=0000000000000000 CR3=000000007f401000 CR4=00000668
DR0=0000000000000000 DR1=0000000000000000 DR2=0000000000000000 DR3=0000000000000000 
DR6=00000000ffff0ff0 DR7=0000000000000400
CCS=0000000000000044 CCD=00000000e0000000 CCO=EFLAGS
EFER=0000000000000d00
Servicing hardware INT=0x20
    28: v=20 e=0000 i=0 cpl=0 IP=0038:000000007f0cb963 pc=000000007f0cb963 SP=0030:000000007fbec3a0 env->regs[R_EAX]=0000000000000000
RAX=0000000000000000 RBX=0000000081085409 RCX=0000000000000001 RDX=000000007f0cbcb8
RSI=0000000000000000 RDI=0000000081085400 RBP=000000007fbec420 RSP=000000007fbec3a0
R8 =000000007fbec4cf R9 =0000000000000000 R10=0000000000000000 R11=00000000dfffffff
R12=000000007fbec4cf R13=0000000000000001 R14=0000000000000000 R15=0000000000000001
RIP=000000007f0cb963 RFL=00000246 [---Z-P-] CPL=0 II=0 A20=1 SMM=0 HLT=0
ES =0030 0000000000000000 ffffffff 00cf9300 DPL=0 DS   [-WA]
CS =0038 0000000000000000 ffffffff 00af9a00 DPL=0 CS64 [-R-]
SS =0030 0000000000000000 ffffffff 00cf9300 DPL=0 DS   [-WA]
DS =0030 0000000000000000 ffffffff 00cf9300 DPL=0 DS   [-WA]
FS =0030 0000000000000000 ffffffff 00cf9300 DPL=0 DS   [-WA]
GS =0030 0000000000000000 ffffffff 00cf9300 DPL=0 DS   [-WA]
LDT=0000 0000000000000000 0000ffff 00008200 DPL=0 LDT
TR =0048 000000007fd2c058 00000067 00008900 DPL=0 TSS64-avl
GDT=     000000007fd2c000 00000057
IDT=     000000007bb8af58 00000fff
CR0=80010033 CR2=0000000000000000 CR3=000000007f401000 CR4=00000668
DR0=0000000000000000 DR1=0000000000000000 DR2=0000000000000000 DR3=0000000000000000 
DR6=00000000ffff0ff0 DR7=0000000000000400
CCS=0000000000000044 CCD=0000000000000000 CCO=EFLAGS
EFER=0000000000000d00
Servicing hardware INT=0x20
    29: v=20 e=0000 i=0 cpl=0 IP=0038:000000007f0cb9ca pc=000000007f0cb9ca SP=0030:000000007fbec3f0 env->regs[R_EAX]=0000000000000000
RAX=0000000000000000 RBX=00000000800b1900 RCX=0000000000000000 RDX=000000007f0cbcb8
RSI=0000000000000002 RDI=0000000000000000 RBP=000000007fbec470 RSP=000000007fbec3f0
R8 =000000007fbec51c R9 =00000000000fffff R10=000000000000000a R11=00000000dfffffff
R12=000000007fbec51c R13=00000000000d39c0 R14=0000000000000000 R15=0000000000000004
RIP=000000007f0cb9ca RFL=00000293 [--S-A-C] CPL=0 II=0 A20=1 SMM=0 HLT=0
ES =0030 0000000000000000 ffffffff 00cf9300 DPL=0 DS   [-WA]
CS =0038 0000000000000000 ffffffff 00af9a00 DPL=0 CS64 [-R-]
SS =0030 0000000000000000 ffffffff 00cf9300 DPL=0 DS   [-WA]
DS =0030 0000000000000000 ffffffff 00cf9300 DPL=0 DS   [-WA]
FS =0030 0000000000000000 ffffffff 00cf9300 DPL=0 DS   [-WA]
GS =0030 0000000000000000 ffffffff 00cf9300 DPL=0 DS   [-WA]
LDT=0000 0000000000000000 0000ffff 00008200 DPL=0 LDT
TR =0048 000000007fd2c058 00000067 00008900 DPL=0 TSS64-avl
GDT=     000000007fd2c000 00000057
IDT=     000000007bb8af58 00000fff
CR0=80010033 CR2=0000000000000000 CR3=000000007f401000 CR4=00000668
DR0=0000000000000000 DR1=0000000000000000 DR2=0000000000000000 DR3=0000000000000000 
DR6=00000000ffff0ff0 DR7=0000000000000400
CCS=0000000000000091 CCD=fffffffffffffffe CCO=EFLAGS
EFER=0000000000000d00
Servicing hardware INT=0x20
    30: v=20 e=0000 i=0 cpl=0 IP=0038:000000007fbee1f4 pc=000000007fbee1f4 SP=0030:000000007fbec538 env->regs[R_EAX]=000000007e9a0c18
RAX=000000007e9a0c18 RBX=000000007e9a0c18 RCX=000000007e9a2a18 RDX=000000007e9a0d98
RSI=000000007f3fe018 RDI=000000007e9a2a18 RBP=000000007fbec580 RSP=000000007fbec538
R8 =0000000000000000 R9 =000000007ec8a598 R10=0000000000000001 R11=000000007f0771f0
R12=0000000000000004 R13=000000007ec8a598 R14=0000000000000000 R15=000000007ec4e1e0
RIP=000000007fbee1f4 RFL=00000206 [-----P-] CPL=0 II=0 A20=1 SMM=0 HLT=0
ES =0030 0000000000000000 ffffffff 00cf9300 DPL=0 DS   [-WA]
CS =0038 0000000000000000 ffffffff 00af9a00 DPL=0 CS64 [-R-]
SS =0030 0000000000000000 ffffffff 00cf9300 DPL=0 DS   [-WA]
DS =0030 0000000000000000 ffffffff 00cf9300 DPL=0 DS   [-WA]
FS =0030 0000000000000000 ffffffff 00cf9300 DPL=0 DS   [-WA]
GS =0030 0000000000000000 ffffffff 00cf9300 DPL=0 DS   [-WA]
LDT=0000 0000000000000000 0000ffff 00008200 DPL=0 LDT
TR =0048 000000007fd2c058 00000067 00008900 DPL=0 TSS64-avl
GDT=     000000007fd2c000 00000057
IDT=     000000007bb8af58 00000fff
CR0=80010033 CR2=0000000000000000 CR3=000000007f401000 CR4=00000668
DR0=0000000000000000 DR1=0000000000000000 DR2=0000000000000000 DR3=0000000000000000 
DR6=00000000ffff0ff0 DR7=0000000000000400
CCS=0000000000000004 CCD=000000007e9a0c18 CCO=EFLAGS
EFER=0000000000000d00
Servicing hardware INT=0x20
    31: v=20 e=0000 i=0 cpl=0 IP=0038:000000007fe2b82c pc=000000007fe2b82c SP=0030:000000007fbec530 env->regs[R_EAX]=00000000000000ff
RAX=00000000000000ff RBX=8000000000000003 RCX=0000000000000000 RDX=000000007fd08018
RSI=000000007fd0b07c RDI=000000007fd0a818 RBP=000000007fbec600 RSP=000000007fbec530
R8 =00000000000000ff R9 =0000000000000000 R10=000000007e911d18 R11=000000000000000b
R12=000000007fbec650 R13=000000007fbec5a8 R14=000000007fd08018 R15=00000000000000d1
RIP=000000007fe2b82c RFL=00000206 [-----P-] CPL=0 II=0 A20=1 SMM=0 HLT=0
ES =0030 0000000000000000 ffffffff 00cf9300 DPL=0 DS   [-WA]
CS =0038 0000000000000000 ffffffff 00af9a00 DPL=0 CS64 [-R-]
SS =0030 0000000000000000 ffffffff 00cf9300 DPL=0 DS   [-WA]
DS =0030 0000000000000000 ffffffff 00cf9300 DPL=0 DS   [-WA]
FS =0030 0000000000000000 ffffffff 00cf9300 DPL=0 DS   [-WA]
GS =0030 0000000000000000 ffffffff 00cf9300 DPL=0 DS   [-WA]
LDT=0000 0000000000000000 0000ffff 00008200 DPL=0 LDT
TR =0048 000000007fd2c058 00000067 00008900 DPL=0 TSS64-avl
GDT=     000000007fd2c000 00000057
IDT=     000000007bb8af58 00000fff
CR0=80010033 CR2=0000000000000000 CR3=000000007f401000 CR4=00000668
DR0=0000000000000000 DR1=0000000000000000 DR2=0000000000000000 DR3=0000000000000000 
DR6=00000000ffff0ff0 DR7=0000000000000400
CCS=0000000000000004 CCD=0000000000002800 CCO=EFLAGS
EFER=0000000000000d00
Servicing hardware INT=0x20
    32: v=20 e=0000 i=0 cpl=0 IP=0038:000000007e9d5adb pc=000000007e9d5adb SP=0030:000000007fbec600 env->regs[R_EAX]=0000000000000018
RAX=0000000000000018 RBX=000000000000087d RCX=0000000000000064 RDX=0000000000000064
RSI=000000007fbec6ff RDI=000000007e904018 RBP=000000007fbec650 RSP=000000007fbec600
R8 =000000007ec39b18 R9 =0000000000000064 R10=000000007e903fff R11=ffffffffffffffff
R12=000000007e904018 R13=000000007fbec6ff R14=000000007e905900 R15=0000000000000001
RIP=000000007e9d5adb RFL=00000293 [--S-A-C] CPL=0 II=0 A20=1 SMM=0 HLT=0
ES =0030 0000000000000000 ffffffff 00cf9300 DPL=0 DS   [-WA]
CS =0038 0000000000000000 ffffffff 00af9a00 DPL=0 CS64 [-R-]
SS =0030 0000000000000000 ffffffff 00cf9300 DPL=0 DS   [-WA]
DS =0030 0000000000000000 ffffffff 00cf9300 DPL=0 DS   [-WA]
FS =0030 0000000000000000 ffffffff 00cf9300 DPL=0 DS   [-WA]
GS =0030 0000000000000000 ffffffff 00cf9300 DPL=0 DS   [-WA]
LDT=0000 0000000000000000 0000ffff 00008200 DPL=0 LDT
TR =0048 000000007fd2c058 00000067 00008900 DPL=0 TSS64-avl
GDT=     000000007fd2c000 00000057
IDT=     000000007bb8af58 00000fff
CR0=80010033 CR2=0000000000000000 CR3=000000007f401000 CR4=00000668
DR0=0000000000000000 DR1=0000000000000000 DR2=0000000000000000 DR3=0000000000000000 
DR6=00000000ffff0ff0 DR7=0000000000000400
CCS=0000000000000091 CCD=fffffffffffffffe CCO=EFLAGS
EFER=0000000000000d00
Servicing hardware INT=0x20
    33: v=20 e=0000 i=0 cpl=0 IP=0038:000000007e9d539d pc=000000007e9d539d SP=0030:000000007fbec5c8 env->regs[R_EAX]=0000000000000051
RAX=0000000000000051 RBX=000000000043c52c RCX=0000000000000608 RDX=000000000043c4db
RSI=000000007fbec6ff RDI=000000007e904018 RBP=000000007fbec620 RSP=000000007fbec5c8
R8 =000000007ec39b18 R9 =0000000000000608 R10=000000007e903fff R11=ffffffffffffffff
R12=000000007e904018 R13=000000007fbec6ff R14=000000007e905900 R15=0000000000000001
RIP=000000007e9d539d RFL=00000202 [-------] CPL=0 II=0 A20=1 SMM=0 HLT=0
ES =0030 0000000000000000 ffffffff 00cf9300 DPL=0 DS   [-WA]
CS =0038 0000000000000000 ffffffff 00af9a00 DPL=0 CS64 [-R-]
SS =0030 0000000000000000 ffffffff 00cf9300 DPL=0 DS   [-WA]
DS =0030 0000000000000000 ffffffff 00cf9300 DPL=0 DS   [-WA]
FS =0030 0000000000000000 ffffffff 00cf9300 DPL=0 DS   [-WA]
GS =0030 0000000000000000 ffffffff 00cf9300 DPL=0 DS   [-WA]
LDT=0000 0000000000000000 0000ffff 00008200 DPL=0 LDT
TR =0048 000000007fd2c058 00000067 00008900 DPL=0 TSS64-avl
GDT=     000000007fd2c000 00000057
IDT=     000000007bb8af58 00000fff
CR0=80010033 CR2=0000000000000000 CR3=000000007f401000 CR4=00000668
DR0=0000000000000000 DR1=0000000000000000 DR2=0000000000000000 DR3=0000000000000000 
DR6=00000000ffff0ff0 DR7=0000000000000400
CCS=0000000000000000 CCD=000000007fbec5d0 CCO=EFLAGS
EFER=0000000000000d00
Servicing hardware INT=0x20
    34: v=20 e=0000 i=0 cpl=0 IP=0038:000000007e9d5c02 pc=000000007e9d5c02 SP=0030:000000007fbec630 env->regs[R_EAX]=000000000000000a
RAX=000000000000000a RBX=000000000045e431 RCX=0000000000000608 RDX=000000000045e427
RSI=000000007fbec6ff RDI=000000007e904018 RBP=000000007fbec660 RSP=000000007fbec630
R8 =000000007ec39b18 R9 =0000000000000608 R10=000000007e903fff R11=ffffffffffffffff
R12=000000007e904018 R13=000000007fbec6ff R14=000000007e905900 R15=0000000000000001
RIP=000000007e9d5c02 RFL=00000206 [-----P-] CPL=0 II=0 A20=1 SMM=0 HLT=0
ES =0030 0000000000000000 ffffffff 00cf9300 DPL=0 DS   [-WA]
CS =0038 0000000000000000 ffffffff 00af9a00 DPL=0 CS64 [-R-]
SS =0030 0000000000000000 ffffffff 00cf9300 DPL=0 DS   [-WA]
DS =0030 0000000000000000 ffffffff 00cf9300 DPL=0 DS   [-WA]
FS =0030 0000000000000000 ffffffff 00cf9300 DPL=0 DS   [-WA]
GS =0030 0000000000000000 ffffffff 00cf9300 DPL=0 DS   [-WA]
LDT=0000 0000000000000000 0000ffff 00008200 DPL=0 LDT
TR =0048 000000007fd2c058 00000067 00008900 DPL=0 TSS64-avl
GDT=     000000007fd2c000 00000057
IDT=     000000007bb8af58 00000fff
CR0=80010033 CR2=0000000000000000 CR3=000000007f401000 CR4=00000668
DR0=0000000000000000 DR1=0000000000000000 DR2=0000000000000000 DR3=0000000000000000 
DR6=00000000ffff0ff0 DR7=0000000000000400
CCS=0000000000000004 CCD=000000000000000a CCO=EFLAGS
EFER=0000000000000d00
Servicing hardware INT=0x20
    35: v=20 e=0000 i=0 cpl=0 IP=0038:000000007e9eda22 pc=000000007e9eda22 SP=0030:000000007fbebe00 env->regs[R_EAX]=0000000000000d60
RAX=0000000000000d60 RBX=00000000000003e8 RCX=0000000000000608 RDX=000000000048aacb
RSI=000000000048b82b RDI=00000000000001a8 RBP=000000007fbebe30 RSP=000000007fbebe00
R8 =000000007fbebe2c R9 =0000000000000608 R10=0000000000000002 R11=00000000dfffffff
R12=000000007e906298 R13=0000000000000001 R14=0000000000000000 R15=00000000000001a4
RIP=000000007e9eda22 RFL=00000206 [-----P-] CPL=0 II=0 A20=1 SMM=0 HLT=0
ES =0030 0000000000000000 ffffffff 00cf9300 DPL=0 DS   [-WA]
CS =0038 0000000000000000 ffffffff 00af9a00 DPL=0 CS64 [-R-]
SS =0030 0000000000000000 ffffffff 00cf9300 DPL=0 DS   [-WA]
DS =0030 0000000000000000 ffffffff 00cf9300 DPL=0 DS   [-WA]
FS =0030 0000000000000000 ffffffff 00cf9300 DPL=0 DS   [-WA]
GS =0030 0000000000000000 ffffffff 00cf9300 DPL=0 DS   [-WA]
LDT=0000 0000000000000000 0000ffff 00008200 DPL=0 LDT
TR =0048 000000007fd2c058 00000067 00008900 DPL=0 TSS64-avl
GDT=     000000007fd2c000 00000057
IDT=     000000007bb8af58 00000fff
CR0=80010033 CR2=0000000000000000 CR3=000000007f401000 CR4=00000668
DR0=0000000000000000 DR1=0000000000000000 DR2=0000000000000000 DR3=0000000000000000 
DR6=00000000ffff0ff0 DR7=0000000000000400
CCS=0000000000000004 CCD=0000000000000d60 CCO=EFLAGS
EFER=0000000000000d00
Servicing hardware INT=0x20
    36: v=20 e=0000 i=0 cpl=0 IP=0038:000000007e9eda22 pc=000000007e9eda22 SP=0030:000000007fbebe00 env->regs[R_EAX]=00000000000005c1
RAX=00000000000005c1 RBX=00000000000003e8 RCX=0000000000000608 RDX=000000000048d827
RSI=000000000048dde8 RDI=00000000000002a8 RBP=000000007fbebe30 RSP=000000007fbebe00
R8 =000000007fbebe2c R9 =0000000000000608 R10=0000000000000002 R11=00000000dfffffff
R12=000000007e906298 R13=0000000000000003 R14=0000000000000002 R15=00000000000002a4
RIP=000000007e9eda22 RFL=00000202 [-------] CPL=0 II=0 A20=1 SMM=0 HLT=0
ES =0030 0000000000000000 ffffffff 00cf9300 DPL=0 DS   [-WA]
CS =0038 0000000000000000 ffffffff 00af9a00 DPL=0 CS64 [-R-]
SS =0030 0000000000000000 ffffffff 00cf9300 DPL=0 DS   [-WA]
DS =0030 0000000000000000 ffffffff 00cf9300 DPL=0 DS   [-WA]
FS =0030 0000000000000000 ffffffff 00cf9300 DPL=0 DS   [-WA]
GS =0030 0000000000000000 ffffffff 00cf9300 DPL=0 DS   [-WA]
LDT=0000 0000000000000000 0000ffff 00008200 DPL=0 LDT
TR =0048 000000007fd2c058 00000067 00008900 DPL=0 TSS64-avl
GDT=     000000007fd2c000 00000057
IDT=     000000007bb8af58 00000fff
CR0=80010033 CR2=0000000000000000 CR3=000000007f401000 CR4=00000668
DR0=0000000000000000 DR1=0000000000000000 DR2=0000000000000000 DR3=0000000000000000 
DR6=00000000ffff0ff0 DR7=0000000000000400
CCS=0000000000000000 CCD=00000000000005c1 CCO=EFLAGS
EFER=0000000000000d00
Servicing hardware INT=0x20
    37: v=20 e=0000 i=0 cpl=0 IP=0038:000000007e9eda22 pc=000000007e9eda22 SP=0030:000000007fbebe00 env->regs[R_EAX]=0000000000000ddc
RAX=0000000000000ddc RBX=00000000000003e8 RCX=0000000000000608 RDX=00000000004965a4
RSI=0000000000497380 RDI=00000000000002a8 RBP=000000007fbebe30 RSP=000000007fbebe00
R8 =000000007fbebe2c R9 =0000000000000608 R10=0000000000000002 R11=00000000dfffffff
R12=000000007e906298 R13=0000000000000003 R14=0000000000000002 R15=00000000000002a4
RIP=000000007e9eda22 RFL=00000202 [-------] CPL=0 II=0 A20=1 SMM=0 HLT=0
ES =0030 0000000000000000 ffffffff 00cf9300 DPL=0 DS   [-WA]
CS =0038 0000000000000000 ffffffff 00af9a00 DPL=0 CS64 [-R-]
SS =0030 0000000000000000 ffffffff 00cf9300 DPL=0 DS   [-WA]
DS =0030 0000000000000000 ffffffff 00cf9300 DPL=0 DS   [-WA]
FS =0030 0000000000000000 ffffffff 00cf9300 DPL=0 DS   [-WA]
GS =0030 0000000000000000 ffffffff 00cf9300 DPL=0 DS   [-WA]
LDT=0000 0000000000000000 0000ffff 00008200 DPL=0 LDT
TR =0048 000000007fd2c058 00000067 00008900 DPL=0 TSS64-avl
GDT=     000000007fd2c000 00000057
IDT=     000000007bb8af58 00000fff
CR0=80010033 CR2=0000000000000000 CR3=000000007f401000 CR4=00000668
DR0=0000000000000000 DR1=0000000000000000 DR2=0000000000000000 DR3=0000000000000000 
DR6=00000000ffff0ff0 DR7=0000000000000400
CCS=0000000000000000 CCD=0000000000000ddc CCO=EFLAGS
EFER=0000000000000d00
Servicing hardware INT=0x20
    38: v=20 e=0000 i=0 cpl=0 IP=0038:000000007e9ed9d4 pc=000000007e9ed9d4 SP=0030:000000007fbebda0 env->regs[R_EAX]=000000000049d68c
RAX=000000000049d68c RBX=00000000000003e8 RCX=0000000000000608 RDX=0000000000000608
RSI=000000000049d5f1 RDI=0000000000000328 RBP=000000007fbebdf0 RSP=000000007fbebda0
R8 =000000007fbebe2c R9 =0000000000000608 R10=0000000000000002 R11=00000000dfffffff
R12=000000007e906298 R13=0000000000000004 R14=0000000000000002 R15=0000000000000324
RIP=000000007e9ed9d4 RFL=00000293 [--S-A-C] CPL=0 II=0 A20=1 SMM=0 HLT=0
ES =0030 0000000000000000 ffffffff 00cf9300 DPL=0 DS   [-WA]
CS =0038 0000000000000000 ffffffff 00af9a00 DPL=0 CS64 [-R-]
SS =0030 0000000000000000 ffffffff 00cf9300 DPL=0 DS   [-WA]
DS =0030 0000000000000000 ffffffff 00cf9300 DPL=0 DS   [-WA]
FS =0030 0000000000000000 ffffffff 00cf9300 DPL=0 DS   [-WA]
GS =0030 0000000000000000 ffffffff 00cf9300 DPL=0 DS   [-WA]
LDT=0000 0000000000000000 0000ffff 00008200 DPL=0 LDT
TR =0048 000000007fd2c058 00000067 00008900 DPL=0 TSS64-avl
GDT=     000000007fd2c000 00000057
IDT=     000000007bb8af58 00000fff
CR0=80010033 CR2=0000000000000000 CR3=000000007f401000 CR4=00000668
DR0=0000000000000000 DR1=0000000000000000 DR2=0000000000000000 DR3=0000000000000000 
DR6=00000000ffff0ff0 DR7=0000000000000400
CCS=0000000000000091 CCD=fffffffffffffffe CCO=EFLAGS
EFER=0000000000000d00
Servicing hardware INT=0x20
    39: v=20 e=0000 i=0 cpl=0 IP=0038:000000007e9eda22 pc=000000007e9eda22 SP=0030:000000007fbebe00 env->regs[R_EAX]=00000000000005c2
RAX=00000000000005c2 RBX=00000000000003e8 RCX=0000000000000608 RDX=00000000004a8d5b
RSI=00000000004a931d RDI=00000000000003a8 RBP=000000007fbebe30 RSP=000000007fbebe00
R8 =000000007fbebe2c R9 =0000000000000608 R10=0000000000000002 R11=00000000dfffffff
R12=000000007e906298 R13=0000000000000005 R14=0000000000000002 R15=00000000000003a4
RIP=000000007e9eda22 RFL=00000202 [-------] CPL=0 II=0 A20=1 SMM=0 HLT=0
ES =0030 0000000000000000 ffffffff 00cf9300 DPL=0 DS   [-WA]
CS =0038 0000000000000000 ffffffff 00af9a00 DPL=0 CS64 [-R-]
SS =0030 0000000000000000 ffffffff 00cf9300 DPL=0 DS   [-WA]
DS =0030 0000000000000000 ffffffff 00cf9300 DPL=0 DS   [-WA]
FS =0030 0000000000000000 ffffffff 00cf9300 DPL=0 DS   [-WA]
GS =0030 0000000000000000 ffffffff 00cf9300 DPL=0 DS   [-WA]
LDT=0000 0000000000000000 0000ffff 00008200 DPL=0 LDT
TR =0048 000000007fd2c058 00000067 00008900 DPL=0 TSS64-avl
GDT=     000000007fd2c000 00000057
IDT=     000000007bb8af58 00000fff
CR0=80010033 CR2=0000000000000000 CR3=000000007f401000 CR4=00000668
DR0=0000000000000000 DR1=0000000000000000 DR2=0000000000000000 DR3=0000000000000000 
DR6=00000000ffff0ff0 DR7=0000000000000400
CCS=0000000000000000 CCD=00000000000005c2 CCO=EFLAGS
EFER=0000000000000d00
Servicing hardware INT=0x20
    40: v=20 e=0000 i=0 cpl=0 IP=0038:000000007e9eda22 pc=000000007e9eda22 SP=0030:000000007fbebe00 env->regs[R_EAX]=0000000000000c38
RAX=0000000000000c38 RBX=00000000000003e8 RCX=0000000000000608 RDX=00000000004b178b
RSI=00000000004b23c3 RDI=00000000000003a8 RBP=000000007fbebe30 RSP=000000007fbebe00
R8 =000000007fbebe2c R9 =0000000000000608 R10=0000000000000002 R11=00000000dfffffff
R12=000000007e906298 R13=0000000000000005 R14=0000000000000002 R15=00000000000003a4
RIP=000000007e9eda22 RFL=00000202 [-------] CPL=0 II=0 A20=1 SMM=0 HLT=0
ES =0030 0000000000000000 ffffffff 00cf9300 DPL=0 DS   [-WA]
CS =0038 0000000000000000 ffffffff 00af9a00 DPL=0 CS64 [-R-]
SS =0030 0000000000000000 ffffffff 00cf9300 DPL=0 DS   [-WA]
DS =0030 0000000000000000 ffffffff 00cf9300 DPL=0 DS   [-WA]
FS =0030 0000000000000000 ffffffff 00cf9300 DPL=0 DS   [-WA]
GS =0030 0000000000000000 ffffffff 00cf9300 DPL=0 DS   [-WA]
LDT=0000 0000000000000000 0000ffff 00008200 DPL=0 LDT
TR =0048 000000007fd2c058 00000067 00008900 DPL=0 TSS64-avl
GDT=     000000007fd2c000 00000057
IDT=     000000007bb8af58 00000fff
CR0=80010033 CR2=0000000000000000 CR3=000000007f401000 CR4=00000668
DR0=0000000000000000 DR1=0000000000000000 DR2=0000000000000000 DR3=0000000000000000 
DR6=00000000ffff0ff0 DR7=0000000000000400
CCS=0000000000000000 CCD=0000000000000c38 CCO=EFLAGS
EFER=0000000000000d00
Servicing hardware INT=0x20
    41: v=20 e=0000 i=0 cpl=0 IP=0038:000000007ec125e1 pc=000000007ec125e1 SP=0030:000000007fbec6b0 env->regs[R_EAX]=800000000000000e
RAX=800000000000000e RBX=0000000000000000 RCX=000000007e9063e0 RDX=000000007fbec6e6
RSI=0000000000006000 RDI=0000000000000000 RBP=000000007fbec720 RSP=000000007fbec6b0
R8 =00000000ffff0000 R9 =0000000000000000 R10=000000007e9063e0 R11=000000007e8ffb08
R12=0000000000000000 R13=000000007e903018 R14=000000007ec130c0 R15=0000000000000001
RIP=000000007ec125e1 RFL=00000282 [--S----] CPL=0 II=0 A20=1 SMM=0 HLT=0
ES =0030 0000000000000000 ffffffff 00cf9300 DPL=0 DS   [-WA]
CS =0038 0000000000000000 ffffffff 00af9a00 DPL=0 CS64 [-R-]
SS =0030 0000000000000000 ffffffff 00cf9300 DPL=0 DS   [-WA]
DS =0030 0000000000000000 ffffffff 00cf9300 DPL=0 DS   [-WA]
FS =0030 0000000000000000 ffffffff 00cf9300 DPL=0 DS   [-WA]
GS =0030 0000000000000000 ffffffff 00cf9300 DPL=0 DS   [-WA]
LDT=0000 0000000000000000 0000ffff 00008200 DPL=0 LDT
TR =0048 000000007fd2c058 00000067 00008900 DPL=0 TSS64-avl
GDT=     000000007fd2c000 00000057
IDT=     000000007bb8af58 00000fff
CR0=80010033 CR2=0000000000000000 CR3=000000007f401000 CR4=00000668
DR0=0000000000000000 DR1=0000000000000000 DR2=0000000000000000 DR3=0000000000000000 
DR6=00000000ffff0ff0 DR7=0000000000000400
CCS=0000000000000080 CCD=800000000000000e CCO=EFLAGS
EFER=0000000000000d00
Servicing hardware INT=0x20
    42: v=20 e=0000 i=0 cpl=0 IP=0038:000000007ec29a1e pc=000000007ec29a1e SP=0030:000000007fbec5f0 env->regs[R_EAX]=0000000000000000
RAX=0000000000000000 RBX=000000007ec2b060 RCX=000000007f0a8340 RDX=8000000000000002
RSI=000000007e8fc698 RDI=0000000000000000 RBP=000000007fbec640 RSP=000000007fbec5f0
R8 =00000000000000af R9 =ffffffffffffffff R10=000000007fc05c00 R11=000000007e8fbf88
R12=0000000000000004 R13=000000007e8fcb98 R14=000000007ec2b060 R15=0000000000000001
RIP=000000007ec29a1e RFL=00000246 [---Z-P-] CPL=0 II=0 A20=1 SMM=0 HLT=0
ES =0030 0000000000000000 ffffffff 00cf9300 DPL=0 DS   [-WA]
CS =0038 0000000000000000 ffffffff 00af9a00 DPL=0 CS64 [-R-]
SS =0030 0000000000000000 ffffffff 00cf9300 DPL=0 DS   [-WA]
DS =0030 0000000000000000 ffffffff 00cf9300 DPL=0 DS   [-WA]
FS =0030 0000000000000000 ffffffff 00cf9300 DPL=0 DS   [-WA]
GS =0030 0000000000000000 ffffffff 00cf9300 DPL=0 DS   [-WA]
LDT=0000 0000000000000000 0000ffff 00008200 DPL=0 LDT
TR =0048 000000007fd2c058 00000067 00008900 DPL=0 TSS64-avl
GDT=     000000007fd2c000 00000057
IDT=     000000007bb8af58 00000fff
CR0=80010033 CR2=0000000000000000 CR3=000000007f401000 CR4=00000668
DR0=0000000000000000 DR1=0000000000000000 DR2=0000000000000000 DR3=0000000000000000 
DR6=00000000ffff0ff0 DR7=0000000000000400
CCS=0000000000000044 CCD=0000000000000000 CCO=EFLAGS
EFER=0000000000000d00
Servicing hardware INT=0x20
    43: v=20 e=0000 i=0 cpl=0 IP=0038:000000007e9f20a6 pc=000000007e9f20a6 SP=0030:000000007fbebc28 env->regs[R_EAX]=0000000000000000
RAX=0000000000000000 RBX=000000007e906380 RCX=0000000000000000 RDX=0000000000000000
RSI=0000000000000000 RDI=000000007e83e070 RBP=000000007fbebca0 RSP=000000007fbebc28
R8 =0000000000000002 R9 =0000000000000000 R10=0000000011e1a300 R11=000000000000000c
R12=000000007fbebd38 R13=0000000000000012 R14=000000007e9a0828 R15=0000000000000002
RIP=000000007e9f20a6 RFL=00000246 [---Z-P-] CPL=0 II=0 A20=1 SMM=0 HLT=0
ES =0030 0000000000000000 ffffffff 00cf9300 DPL=0 DS   [-WA]
CS =0038 0000000000000000 ffffffff 00af9a00 DPL=0 CS64 [-R-]
SS =0030 0000000000000000 ffffffff 00cf9300 DPL=0 DS   [-WA]
DS =0030 0000000000000000 ffffffff 00cf9300 DPL=0 DS   [-WA]
FS =0030 0000000000000000 ffffffff 00cf9300 DPL=0 DS   [-WA]
GS =0030 0000000000000000 ffffffff 00cf9300 DPL=0 DS   [-WA]
LDT=0000 0000000000000000 0000ffff 00008200 DPL=0 LDT
TR =0048 000000007fd2c058 00000067 00008900 DPL=0 TSS64-avl
GDT=     000000007fd2c000 00000057
IDT=     000000007bb8af58 00000fff
CR0=80010033 CR2=0000000000000000 CR3=000000007f401000 CR4=00000668
DR0=0000000000000000 DR1=0000000000000000 DR2=0000000000000000 DR3=0000000000000000 
DR6=00000000ffff0ff0 DR7=0000000000000400
CCS=0000000000000044 CCD=0000000000000000 CCO=EFLAGS
EFER=0000000000000d00
Servicing hardware INT=0x20
    44: v=20 e=0000 i=0 cpl=0 IP=0038:000000007e9eda22 pc=000000007e9eda22 SP=0030:000000007fbebe50 env->regs[R_EAX]=000000000000008c
RAX=000000000000008c RBX=0000000000000064 RCX=0000000000000608 RDX=00000000004d1e84
RSI=00000000004d1f10 RDI=000000007e9a0828 RBP=000000007fbebe80 RSP=000000007fbebe50
R8 =000000007fbebe4c R9 =0000000000000608 R10=0000000000000002 R11=00000000dfffffff
R12=0000000000000000 R13=0000000000000000 R14=8000000000000006 R15=0000000000000000
RIP=000000007e9eda22 RFL=00000202 [-------] CPL=0 II=0 A20=1 SMM=0 HLT=0
ES =0030 0000000000000000 ffffffff 00cf9300 DPL=0 DS   [-WA]
CS =0038 0000000000000000 ffffffff 00af9a00 DPL=0 CS64 [-R-]
SS =0030 0000000000000000 ffffffff 00cf9300 DPL=0 DS   [-WA]
DS =0030 0000000000000000 ffffffff 00cf9300 DPL=0 DS   [-WA]
FS =0030 0000000000000000 ffffffff 00cf9300 DPL=0 DS   [-WA]
GS =0030 0000000000000000 ffffffff 00cf9300 DPL=0 DS   [-WA]
LDT=0000 0000000000000000 0000ffff 00008200 DPL=0 LDT
TR =0048 000000007fd2c058 00000067 00008900 DPL=0 TSS64-avl
GDT=     000000007fd2c000 00000057
IDT=     000000007bb8af58 00000fff
CR0=80010033 CR2=0000000000000000 CR3=000000007f401000 CR4=00000668
DR0=0000000000000000 DR1=0000000000000000 DR2=0000000000000000 DR3=0000000000000000 
DR6=00000000ffff0ff0 DR7=0000000000000400
CCS=0000000000000000 CCD=000000000000008c CCO=EFLAGS
EFER=0000000000000d00
Servicing hardware INT=0x20
    45: v=20 e=0000 i=0 cpl=0 IP=0038:000000007e9eda22 pc=000000007e9eda22 SP=0030:000000007fbebce0 env->regs[R_EAX]=000000000000015c
RAX=000000000000015c RBX=0000000000000064 RCX=0000000000000608 RDX=00000000004dab73
RSI=00000000004daccf RDI=000000007e9a0828 RBP=000000007fbebd10 RSP=000000007fbebce0
R8 =000000007fbebcdc R9 =0000000000000608 R10=0000000000000002 R11=00000000dfffffff
R12=0000000000000000 R13=0000000000000000 R14=8000000000000006 R15=0000000000000000
RIP=000000007e9eda22 RFL=00000206 [-----P-] CPL=0 II=0 A20=1 SMM=0 HLT=0
ES =0030 0000000000000000 ffffffff 00cf9300 DPL=0 DS   [-WA]
CS =0038 0000000000000000 ffffffff 00af9a00 DPL=0 CS64 [-R-]
SS =0030 0000000000000000 ffffffff 00cf9300 DPL=0 DS   [-WA]
DS =0030 0000000000000000 ffffffff 00cf9300 DPL=0 DS   [-WA]
FS =0030 0000000000000000 ffffffff 00cf9300 DPL=0 DS   [-WA]
GS =0030 0000000000000000 ffffffff 00cf9300 DPL=0 DS   [-WA]
LDT=0000 0000000000000000 0000ffff 00008200 DPL=0 LDT
TR =0048 000000007fd2c058 00000067 00008900 DPL=0 TSS64-avl
GDT=     000000007fd2c000 00000057
IDT=     000000007bb8af58 00000fff
CR0=80010033 CR2=0000000000000000 CR3=000000007f401000 CR4=00000668
DR0=0000000000000000 DR1=0000000000000000 DR2=0000000000000000 DR3=0000000000000000 
DR6=00000000ffff0ff0 DR7=0000000000000400
CCS=0000000000000004 CCD=000000000000015c CCO=EFLAGS
EFER=0000000000000d00
Servicing hardware INT=0x20
    46: v=20 e=0000 i=0 cpl=0 IP=0038:000000007fc0465a pc=000000007fc0465a SP=0030:000000007fbec2d0 env->regs[R_EAX]=00000000000000af
RAX=00000000000000af RBX=000000007e280018 RCX=0000000000430001 RDX=000000007e280018
RSI=000000007e85f000 RDI=000000007e2d0017 RBP=000000007fbec340 RSP=000000007fbec2d0
R8 =00000000000000af R9 =0000000000481000 R10=000000007e27ffff R11=ffffffffffffffff
R12=000000007e280018 R13=0000000000000481 R14=0000000000000000 R15=0000000000480028
RIP=000000007fc0465a RFL=00010206 [-----P-] CPL=0 II=0 A20=1 SMM=0 HLT=0
ES =0030 0000000000000000 ffffffff 00cf9300 DPL=0 DS   [-WA]
CS =0038 0000000000000000 ffffffff 00af9a00 DPL=0 CS64 [-R-]
SS =0030 0000000000000000 ffffffff 00cf9300 DPL=0 DS   [-WA]
DS =0030 0000000000000000 ffffffff 00cf9300 DPL=0 DS   [-WA]
FS =0030 0000000000000000 ffffffff 00cf9300 DPL=0 DS   [-WA]
GS =0030 0000000000000000 ffffffff 00cf9300 DPL=0 DS   [-WA]
LDT=0000 0000000000000000 0000ffff 00008200 DPL=0 LDT
TR =0048 000000007fd2c058 00000067 00008900 DPL=0 TSS64-avl
GDT=     000000007fd2c000 00000057
IDT=     000000007bb8af58 00000fff
CR0=80010033 CR2=0000000000000000 CR3=000000007f401000 CR4=00000668
DR0=0000000000000000 DR1=0000000000000000 DR2=0000000000000000 DR3=0000000000000000 
DR6=00000000ffff0ff0 DR7=0000000000000400
CCS=0000000000000004 CCD=0000000000480000 CCO=EFLAGS
EFER=0000000000000d00
Servicing hardware INT=0x20
    47: v=20 e=0000 i=0 cpl=0 IP=0038:000000007fc0465a pc=000000007fc0465a SP=0030:000000007fbec2d0 env->regs[R_EAX]=00000000000000af
RAX=00000000000000af RBX=000000007e280018 RCX=0000000000300001 RDX=000000007e280018
RSI=000000007e85f000 RDI=000000007e400017 RBP=000000007fbec340 RSP=000000007fbec2d0
R8 =00000000000000af R9 =0000000000481000 R10=000000007e27ffff R11=ffffffffffffffff
R12=000000007e280018 R13=0000000000000481 R14=0000000000000000 R15=0000000000480028
RIP=000000007fc0465a RFL=00010206 [-----P-] CPL=0 II=0 A20=1 SMM=0 HLT=0
ES =0030 0000000000000000 ffffffff 00cf9300 DPL=0 DS   [-WA]
CS =0038 0000000000000000 ffffffff 00af9a00 DPL=0 CS64 [-R-]
SS =0030 0000000000000000 ffffffff 00cf9300 DPL=0 DS   [-WA]
DS =0030 0000000000000000 ffffffff 00cf9300 DPL=0 DS   [-WA]
FS =0030 0000000000000000 ffffffff 00cf9300 DPL=0 DS   [-WA]
GS =0030 0000000000000000 ffffffff 00cf9300 DPL=0 DS   [-WA]
LDT=0000 0000000000000000 0000ffff 00008200 DPL=0 LDT
TR =0048 000000007fd2c058 00000067 00008900 DPL=0 TSS64-avl
GDT=     000000007fd2c000 00000057
IDT=     000000007bb8af58 00000fff
CR0=80010033 CR2=0000000000000000 CR3=000000007f401000 CR4=00000668
DR0=0000000000000000 DR1=0000000000000000 DR2=0000000000000000 DR3=0000000000000000 
DR6=00000000ffff0ff0 DR7=0000000000000400
CCS=0000000000000004 CCD=0000000000000000 CCO=EFLAGS
EFER=0000000000000d00
Servicing hardware INT=0x20
    48: v=20 e=0000 i=0 cpl=0 IP=0038:000000007fc0465a pc=000000007fc0465a SP=0030:000000007fbec2d0 env->regs[R_EAX]=00000000000000af
RAX=00000000000000af RBX=000000007e280018 RCX=0000000000160001 RDX=000000007e280018
RSI=000000007e85f000 RDI=000000007e5a0017 RBP=000000007fbec340 RSP=000000007fbec2d0
R8 =00000000000000af R9 =0000000000481000 R10=000000007e27ffff R11=ffffffffffffffff
R12=000000007e280018 R13=0000000000000481 R14=0000000000000000 R15=0000000000480028
RIP=000000007fc0465a RFL=00010206 [-----P-] CPL=0 II=0 A20=1 SMM=0 HLT=0
ES =0030 0000000000000000 ffffffff 00cf9300 DPL=0 DS   [-WA]
CS =0038 0000000000000000 ffffffff 00af9a00 DPL=0 CS64 [-R-]
SS =0030 0000000000000000 ffffffff 00cf9300 DPL=0 DS   [-WA]
DS =0030 0000000000000000 ffffffff 00cf9300 DPL=0 DS   [-WA]
FS =0030 0000000000000000 ffffffff 00cf9300 DPL=0 DS   [-WA]
GS =0030 0000000000000000 ffffffff 00cf9300 DPL=0 DS   [-WA]
LDT=0000 0000000000000000 0000ffff 00008200 DPL=0 LDT
TR =0048 000000007fd2c058 00000067 00008900 DPL=0 TSS64-avl
GDT=     000000007fd2c000 00000057
IDT=     000000007bb8af58 00000fff
CR0=80010033 CR2=0000000000000000 CR3=000000007f401000 CR4=00000668
DR0=0000000000000000 DR1=0000000000000000 DR2=0000000000000000 DR3=0000000000000000 
DR6=00000000ffff0ff0 DR7=0000000000000400
CCS=0000000000000004 CCD=0000000000000000 CCO=EFLAGS
EFER=0000000000000d00
Servicing hardware INT=0x20
    49: v=20 e=0000 i=0 cpl=0 IP=0038:000000007e9c4e18 pc=000000007e9c4e18 SP=0030:000000007fbec290 env->regs[R_EAX]=0000000000000000
RAX=0000000000000000 RBX=000000007e8f9498 RCX=0000000000000010 RDX=000000007e300058
RSI=0000000000000000 RDI=0000000000000010 RBP=000000007fbec500 RSP=000000007fbec290
R8 =0000000000000000 R9 =000000007e300077 R10=000000007fbec260 R11=0000000000000010
R12=000000007fbec538 R13=000000007ecaf7f0 R14=0000000000000000 R15=000000007e8f0073
RIP=000000007e9c4e18 RFL=00000216 [----AP-] CPL=0 II=0 A20=1 SMM=0 HLT=0
ES =0030 0000000000000000 ffffffff 00cf9300 DPL=0 DS   [-WA]
CS =0038 0000000000000000 ffffffff 00af9a00 DPL=0 CS64 [-R-]
SS =0030 0000000000000000 ffffffff 00cf9300 DPL=0 DS   [-WA]
DS =0030 0000000000000000 ffffffff 00cf9300 DPL=0 DS   [-WA]
FS =0030 0000000000000000 ffffffff 00cf9300 DPL=0 DS   [-WA]
GS =0030 0000000000000000 ffffffff 00cf9300 DPL=0 DS   [-WA]
LDT=0000 0000000000000000 0000ffff 00008200 DPL=0 LDT
TR =0048 000000007fd2c058 00000067 00008900 DPL=0 TSS64-avl
GDT=     000000007fd2c000 00000057
IDT=     000000007bb8af58 00000fff
CR0=80010033 CR2=0000000000000000 CR3=000000007f401000 CR4=00000668
DR0=0000000000000000 DR1=0000000000000000 DR2=0000000000000000 DR3=0000000000000000 
DR6=00000000ffff0ff0 DR7=0000000000000400
CCS=0000000000000014 CCD=000000007e8f0017 CCO=EFLAGS
EFER=0000000000000d00
Servicing hardware INT=0x20
    50: v=20 e=0000 i=0 cpl=0 IP=0038:000000007e9f20a3 pc=000000007e9f20a3 SP=0030:000000007fbebf78 env->regs[R_EAX]=0000000000000000
RAX=0000000000000000 RBX=000000007e906380 RCX=0000000000010001 RDX=0000000000000000
RSI=0000000000000000 RDI=000000007e7be068 RBP=000000007fbebff0 RSP=000000007fbebf78
R8 =0000000000000000 R9 =0000000000000000 R10=0000000000000000 R11=0000000000000001
R12=000000007fbec098 R13=0000000000000200 R14=000000007e9a0828 R15=0000000000000000
RIP=000000007e9f20a3 RFL=00010246 [---Z-P-] CPL=0 II=0 A20=1 SMM=0 HLT=0
ES =0030 0000000000000000 ffffffff 00cf9300 DPL=0 DS   [-WA]
CS =0038 0000000000000000 ffffffff 00af9a00 DPL=0 CS64 [-R-]
SS =0030 0000000000000000 ffffffff 00cf9300 DPL=0 DS   [-WA]
DS =0030 0000000000000000 ffffffff 00cf9300 DPL=0 DS   [-WA]
FS =0030 0000000000000000 ffffffff 00cf9300 DPL=0 DS   [-WA]
GS =0030 0000000000000000 ffffffff 00cf9300 DPL=0 DS   [-WA]
LDT=0000 0000000000000000 0000ffff 00008200 DPL=0 LDT
TR =0048 000000007fd2c058 00000067 00008900 DPL=0 TSS64-avl
GDT=     000000007fd2c000 00000057
IDT=     000000007bb8af58 00000fff
CR0=80010033 CR2=0000000000000000 CR3=000000007f401000 CR4=00000668
DR0=0000000000000000 DR1=0000000000000000 DR2=0000000000000000 DR3=0000000000000000 
DR6=00000000ffff0ff0 DR7=0000000000000400
CCS=0000000000000044 CCD=0000000000000000 CCO=EFLAGS
EFER=0000000000000d00
Servicing hardware INT=0x20
    51: v=20 e=0000 i=0 cpl=0 IP=0038:000000007e9eda22 pc=000000007e9eda22 SP=0030:000000007fbebdf0 env->regs[R_EAX]=0000000000000065
RAX=0000000000000065 RBX=0000000000000064 RCX=0000000000000608 RDX=000000000050ef6a
RSI=000000000050efcf RDI=000000007e9a0828 RBP=000000007fbebe20 RSP=000000007fbebdf0
R8 =000000007fbebdec R9 =0000000000000608 R10=0000000000000002 R11=00000000dfffffff
R12=0000000000000000 R13=0000000000000000 R14=8000000000000006 R15=0000000000000000
RIP=000000007e9eda22 RFL=00000206 [-----P-] CPL=0 II=0 A20=1 SMM=0 HLT=0
ES =0030 0000000000000000 ffffffff 00cf9300 DPL=0 DS   [-WA]
CS =0038 0000000000000000 ffffffff 00af9a00 DPL=0 CS64 [-R-]
SS =0030 0000000000000000 ffffffff 00cf9300 DPL=0 DS   [-WA]
DS =0030 0000000000000000 ffffffff 00cf9300 DPL=0 DS   [-WA]
FS =0030 0000000000000000 ffffffff 00cf9300 DPL=0 DS   [-WA]
GS =0030 0000000000000000 ffffffff 00cf9300 DPL=0 DS   [-WA]
LDT=0000 0000000000000000 0000ffff 00008200 DPL=0 LDT
TR =0048 000000007fd2c058 00000067 00008900 DPL=0 TSS64-avl
GDT=     000000007fd2c000 00000057
IDT=     000000007bb8af58 00000fff
CR0=80010033 CR2=0000000000000000 CR3=000000007f401000 CR4=00000668
DR0=0000000000000000 DR1=0000000000000000 DR2=0000000000000000 DR3=0000000000000000 
DR6=00000000ffff0ff0 DR7=0000000000000400
CCS=0000000000000004 CCD=0000000000000065 CCO=EFLAGS
EFER=0000000000000d00
Servicing hardware INT=0x20
    52: v=20 e=0000 i=0 cpl=0 IP=0038:000000007f098021 pc=000000007f098021 SP=0030:000000007fbec648 env->regs[R_EAX]=0000000000000000
RAX=0000000000000000 RBX=0000000000000004 RCX=000000007f0a8340 RDX=000000007ec70000
RSI=000000007ec700f0 RDI=0000000000000001 RBP=000000007fbec680 RSP=000000007fbec648
R8 =000000007fbec7f8 R9 =000000007ecc2718 R10=000000000000002d R11=000000007ec5b700
R12=0000000000000010 R13=000000007ecc2718 R14=000000007fbec7f8 R15=000000007fc11b40
RIP=000000007f098021 RFL=00000246 [---Z-P-] CPL=0 II=0 A20=1 SMM=0 HLT=0
ES =0030 0000000000000000 ffffffff 00cf9300 DPL=0 DS   [-WA]
CS =0038 0000000000000000 ffffffff 00af9a00 DPL=0 CS64 [-R-]
SS =0030 0000000000000000 ffffffff 00cf9300 DPL=0 DS   [-WA]
DS =0030 0000000000000000 ffffffff 00cf9300 DPL=0 DS   [-WA]
FS =0030 0000000000000000 ffffffff 00cf9300 DPL=0 DS   [-WA]
GS =0030 0000000000000000 ffffffff 00cf9300 DPL=0 DS   [-WA]
LDT=0000 0000000000000000 0000ffff 00008200 DPL=0 LDT
TR =0048 000000007fd2c058 00000067 00008900 DPL=0 TSS64-avl
GDT=     000000007fd2c000 00000057
IDT=     000000007bb8af58 00000fff
CR0=80010033 CR2=0000000000000000 CR3=000000007f401000 CR4=00000668
DR0=0000000000000000 DR1=0000000000000000 DR2=0000000000000000 DR3=0000000000000000 
DR6=00000000ffff0ff0 DR7=0000000000000400
CCS=0000000000000044 CCD=000000007fbec650 CCO=EFLAGS
EFER=0000000000000d00
Servicing hardware INT=0x20
    53: v=20 e=0000 i=0 cpl=0 IP=0038:000000007e869f44 pc=000000007e869f44 SP=0030:000000007fbec6c0 env->regs[R_EAX]=0000000000000012
RAX=0000000000000012 RBX=0000000000000000 RCX=000000007e9a1faa RDX=0000000000000006
RSI=0000000000000000 RDI=000000007e9a1faa RBP=000000007e9a0d98 RSP=000000007fbec6c0
R8 =000000007e9a1f98 R9 =0000000000000000 R10=0000000000000000 R11=000000007e870ae9
R12=000000007e9a0d98 R13=000000007fbec6f8 R14=000000007e8738c8 R15=0000000000000001
RIP=000000007e869f44 RFL=00000206 [-----P-] CPL=0 II=0 A20=1 SMM=0 HLT=0
ES =0030 0000000000000000 ffffffff 00cf9300 DPL=0 DS   [-WA]
CS =0038 0000000000000000 ffffffff 00af9a00 DPL=0 CS64 [-R-]
SS =0030 0000000000000000 ffffffff 00cf9300 DPL=0 DS   [-WA]
DS =0030 0000000000000000 ffffffff 00cf9300 DPL=0 DS   [-WA]
FS =0030 0000000000000000 ffffffff 00cf9300 DPL=0 DS   [-WA]
GS =0030 0000000000000000 ffffffff 00cf9300 DPL=0 DS   [-WA]
LDT=0000 0000000000000000 0000ffff 00008200 DPL=0 LDT
TR =0048 000000007fd2c058 00000067 00008900 DPL=0 TSS64-avl
GDT=     000000007fd2c000 00000057
IDT=     000000007bb8af58 00000fff
CR0=80010033 CR2=0000000000000000 CR3=000000007f401000 CR4=00000668
DR0=0000000000000000 DR1=0000000000000000 DR2=0000000000000000 DR3=0000000000000000 
DR6=00000000ffff0ff0 DR7=0000000000000400
CCS=0000000000000004 CCD=0000000000000012 CCO=EFLAGS
EFER=0000000000000d00
Servicing hardware INT=0x20
    54: v=20 e=0000 i=0 cpl=0 IP=0038:000000007f08f130 pc=000000007f08f130 SP=0030:000000007fbec580 env->regs[R_EAX]=0000000000000ce1
RAX=0000000000000ce1 RBX=000000000052a02e RCX=0000000000000608 RDX=000000000052934d
RSI=0000000000000000 RDI=0000000000000dfb RBP=000000007fbec590 RSP=000000007fbec580
R8 =000000007fbec598 R9 =0000000000000608 R10=0000000000000001 R11=0000000000000000
R12=0000000000000000 R13=000000007e9a0d98 R14=000000007e871390 R15=0000000000000001
RIP=000000007f08f130 RFL=00000206 [-----P-] CPL=0 II=0 A20=1 SMM=0 HLT=0
ES =0030 0000000000000000 ffffffff 00cf9300 DPL=0 DS   [-WA]
CS =0038 0000000000000000 ffffffff 00af9a00 DPL=0 CS64 [-R-]
SS =0030 0000000000000000 ffffffff 00cf9300 DPL=0 DS   [-WA]
DS =0030 0000000000000000 ffffffff 00cf9300 DPL=0 DS   [-WA]
FS =0030 0000000000000000 ffffffff 00cf9300 DPL=0 DS   [-WA]
GS =0030 0000000000000000 ffffffff 00cf9300 DPL=0 DS   [-WA]
LDT=0000 0000000000000000 0000ffff 00008200 DPL=0 LDT
TR =0048 000000007fd2c058 00000067 00008900 DPL=0 TSS64-avl
GDT=     000000007fd2c000 00000057
IDT=     000000007bb8af58 00000fff
CR0=80010033 CR2=0000000000000000 CR3=000000007f401000 CR4=00000668
DR0=0000000000000000 DR1=0000000000000000 DR2=0000000000000000 DR3=0000000000000000 
DR6=00000000ffff0ff0 DR7=0000000000000400
CCS=0000000000000004 CCD=0000000000000ce1 CCO=EFLAGS
EFER=0000000000000d00
Servicing hardware INT=0x20
    55: v=20 e=0000 i=0 cpl=0 IP=0038:000000007f08f0dc pc=000000007f08f0dc SP=0030:000000007fbec500 env->regs[R_EAX]=0000000000532168
RAX=0000000000532168 RBX=0000000000531ffe RCX=0000000000000608 RDX=0000000000000608
RSI=0000000000000000 RDI=0000000000000dfb RBP=000000007fbec550 RSP=000000007fbec500
R8 =000000007fbec598 R9 =0000000000000608 R10=0000000000000001 R11=0000000000000000
R12=0000000000000000 R13=000000007e9a0d98 R14=000000007e871390 R15=0000000000000001
RIP=000000007f08f0dc RFL=00000293 [--S-A-C] CPL=0 II=0 A20=1 SMM=0 HLT=0
ES =0030 0000000000000000 ffffffff 00cf9300 DPL=0 DS   [-WA]
CS =0038 0000000000000000 ffffffff 00af9a00 DPL=0 CS64 [-R-]
SS =0030 0000000000000000 ffffffff 00cf9300 DPL=0 DS   [-WA]
DS =0030 0000000000000000 ffffffff 00cf9300 DPL=0 DS   [-WA]
FS =0030 0000000000000000 ffffffff 00cf9300 DPL=0 DS   [-WA]
GS =0030 0000000000000000 ffffffff 00cf9300 DPL=0 DS   [-WA]
LDT=0000 0000000000000000 0000ffff 00008200 DPL=0 LDT
TR =0048 000000007fd2c058 00000067 00008900 DPL=0 TSS64-avl
GDT=     000000007fd2c000 00000057
IDT=     000000007bb8af58 00000fff
CR0=80010033 CR2=0000000000000000 CR3=000000007f401000 CR4=00000668
DR0=0000000000000000 DR1=0000000000000000 DR2=0000000000000000 DR3=0000000000000000 
DR6=00000000ffff0ff0 DR7=0000000000000400
CCS=0000000000000091 CCD=fffffffffffffffe CCO=EFLAGS
EFER=0000000000000d00
Servicing hardware INT=0x20
    56: v=20 e=0000 i=0 cpl=0 IP=0038:000000007f08f0dc pc=000000007f08f0dc SP=0030:000000007fbec500 env->regs[R_EAX]=000000000053b61a
RAX=000000000053b61a RBX=000000000053bfed RCX=0000000000000608 RDX=0000000000000608
RSI=0000000000000000 RDI=0000000000000dfb RBP=000000007fbec550 RSP=000000007fbec500
R8 =000000007fbec598 R9 =0000000000000608 R10=0000000000000001 R11=0000000000000000
R12=0000000000000000 R13=000000007e9a0d98 R14=000000007e871390 R15=0000000000000001
RIP=000000007f08f0dc RFL=00000293 [--S-A-C] CPL=0 II=0 A20=1 SMM=0 HLT=0
ES =0030 0000000000000000 ffffffff 00cf9300 DPL=0 DS   [-WA]
CS =0038 0000000000000000 ffffffff 00af9a00 DPL=0 CS64 [-R-]
SS =0030 0000000000000000 ffffffff 00cf9300 DPL=0 DS   [-WA]
DS =0030 0000000000000000 ffffffff 00cf9300 DPL=0 DS   [-WA]
FS =0030 0000000000000000 ffffffff 00cf9300 DPL=0 DS   [-WA]
GS =0030 0000000000000000 ffffffff 00cf9300 DPL=0 DS   [-WA]
LDT=0000 0000000000000000 0000ffff 00008200 DPL=0 LDT
TR =0048 000000007fd2c058 00000067 00008900 DPL=0 TSS64-avl
GDT=     000000007fd2c000 00000057
IDT=     000000007bb8af58 00000fff
CR0=80010033 CR2=0000000000000000 CR3=000000007f401000 CR4=00000668
DR0=0000000000000000 DR1=0000000000000000 DR2=0000000000000000 DR3=0000000000000000 
DR6=00000000ffff0ff0 DR7=0000000000000400
CCS=0000000000000091 CCD=0000000000000afe CCO=EFLAGS
EFER=0000000000000d00
Servicing hardware INT=0x20
    57: v=20 e=0000 i=0 cpl=0 IP=0038:000000007f08f0dc pc=000000007f08f0dc SP=0030:000000007fbec500 env->regs[R_EAX]=0000000000544eea
RAX=0000000000544eea RBX=0000000000544c02 RCX=0000000000000608 RDX=0000000000000608
RSI=0000000000000000 RDI=0000000000000dfb RBP=000000007fbec550 RSP=000000007fbec500
R8 =000000007fbec598 R9 =0000000000000608 R10=0000000000000001 R11=0000000000000000
R12=0000000000000000 R13=000000007e9a0d98 R14=000000007e871390 R15=0000000000000001
RIP=000000007f08f0dc RFL=00000293 [--S-A-C] CPL=0 II=0 A20=1 SMM=0 HLT=0
ES =0030 0000000000000000 ffffffff 00cf9300 DPL=0 DS   [-WA]
CS =0038 0000000000000000 ffffffff 00af9a00 DPL=0 CS64 [-R-]
SS =0030 0000000000000000 ffffffff 00cf9300 DPL=0 DS   [-WA]
DS =0030 0000000000000000 ffffffff 00cf9300 DPL=0 DS   [-WA]
FS =0030 0000000000000000 ffffffff 00cf9300 DPL=0 DS   [-WA]
GS =0030 0000000000000000 ffffffff 00cf9300 DPL=0 DS   [-WA]
LDT=0000 0000000000000000 0000ffff 00008200 DPL=0 LDT
TR =0048 000000007fd2c058 00000067 00008900 DPL=0 TSS64-avl
GDT=     000000007fd2c000 00000057
IDT=     000000007bb8af58 00000fff
CR0=80010033 CR2=0000000000000000 CR3=000000007f401000 CR4=00000668
DR0=0000000000000000 DR1=0000000000000000 DR2=0000000000000000 DR3=0000000000000000 
DR6=00000000ffff0ff0 DR7=0000000000000400
CCS=0000000000000091 CCD=00000000000000fe CCO=EFLAGS
EFER=0000000000000d00
Servicing hardware INT=0x20
    58: v=20 e=0000 i=0 cpl=0 IP=0038:000000007e9eda22 pc=000000007e9eda22 SP=0030:000000007fbebc40 env->regs[R_EAX]=000000000000008b
RAX=000000000000008b RBX=0000000000000064 RCX=0000000000000608 RDX=000000000054c6ac
RSI=000000000054c737 RDI=000000007e9a0828 RBP=000000007fbebc70 RSP=000000007fbebc40
R8 =000000007fbebc3c R9 =0000000000000608 R10=0000000000000002 R11=00000000dfffffff
R12=0000000000000000 R13=0000000000000000 R14=8000000000000006 R15=0000000000000000
RIP=000000007e9eda22 RFL=00000206 [-----P-] CPL=0 II=0 A20=1 SMM=0 HLT=0
ES =0030 0000000000000000 ffffffff 00cf9300 DPL=0 DS   [-WA]
CS =0038 0000000000000000 ffffffff 00af9a00 DPL=0 CS64 [-R-]
SS =0030 0000000000000000 ffffffff 00cf9300 DPL=0 DS   [-WA]
DS =0030 0000000000000000 ffffffff 00cf9300 DPL=0 DS   [-WA]
FS =0030 0000000000000000 ffffffff 00cf9300 DPL=0 DS   [-WA]
GS =0030 0000000000000000 ffffffff 00cf9300 DPL=0 DS   [-WA]
LDT=0000 0000000000000000 0000ffff 00008200 DPL=0 LDT
TR =0048 000000007fd2c058 00000067 00008900 DPL=0 TSS64-avl
GDT=     000000007fd2c000 00000057
IDT=     000000007bb8af58 00000fff
CR0=80010033 CR2=0000000000000000 CR3=000000007f401000 CR4=00000668
DR0=0000000000000000 DR1=0000000000000000 DR2=0000000000000000 DR3=0000000000000000 
DR6=00000000ffff0ff0 DR7=0000000000000400
CCS=0000000000000004 CCD=000000000000008b CCO=EFLAGS
EFER=0000000000000d00
Servicing hardware INT=0x20
    59: v=20 e=0000 i=0 cpl=0 IP=0038:000000007fe2b82c pc=000000007fe2b82c SP=0030:000000007fbec220 env->regs[R_EAX]=00000000000000ff
RAX=00000000000000ff RBX=8000000000000003 RCX=0000000000000000 RDX=000000007fd08018
RSI=000000007fd1b398 RDI=000000007fd0a818 RBP=000000007fbec2f0 RSP=000000007fbec220
R8 =00000000000000ff R9 =0000000000000000 R10=000000007e273698 R11=000000000000000b
R12=000000007fbec340 R13=000000007fbec340 R14=000000007fd08018 R15=00000000000002b3
RIP=000000007fe2b82c RFL=00000206 [-----P-] CPL=0 II=0 A20=1 SMM=0 HLT=0
ES =0030 0000000000000000 ffffffff 00cf9300 DPL=0 DS   [-WA]
CS =0038 0000000000000000 ffffffff 00af9a00 DPL=0 CS64 [-R-]
SS =0030 0000000000000000 ffffffff 00cf9300 DPL=0 DS   [-WA]
DS =0030 0000000000000000 ffffffff 00cf9300 DPL=0 DS   [-WA]
FS =0030 0000000000000000 ffffffff 00cf9300 DPL=0 DS   [-WA]
GS =0030 0000000000000000 ffffffff 00cf9300 DPL=0 DS   [-WA]
LDT=0000 0000000000000000 0000ffff 00008200 DPL=0 LDT
TR =0048 000000007fd2c058 00000067 00008900 DPL=0 TSS64-avl
GDT=     000000007fd2c000 00000057
IDT=     000000007bb8af58 00000fff
CR0=80010033 CR2=0000000000000000 CR3=000000007f401000 CR4=00000668
DR0=0000000000000000 DR1=0000000000000000 DR2=0000000000000000 DR3=0000000000000000 
DR6=00000000ffff0ff0 DR7=0000000000000400
CCS=0000000000000004 CCD=0000000000002800 CCO=EFLAGS
EFER=0000000000000d00
Servicing hardware INT=0x20
    60: v=20 e=0000 i=0 cpl=0 IP=0038:000000007e9ed9d4 pc=000000007e9ed9d4 SP=0030:000000007fbebe70 env->regs[R_EAX]=000000000055e3a7
RAX=000000000055e3a7 RBX=0000000000000064 RCX=0000000000000608 RDX=0000000000000608
RSI=000000000055e1f8 RDI=000000007e9a0828 RBP=000000007fbebec0 RSP=000000007fbebe70
R8 =000000007fbebecc R9 =0000000000000608 R10=0000000000000002 R11=00000000dfffffff
R12=0000000000000000 R13=0000000000000000 R14=8000000000000006 R15=0000000000000000
RIP=000000007e9ed9d4 RFL=00000293 [--S-A-C] CPL=0 II=0 A20=1 SMM=0 HLT=0
ES =0030 0000000000000000 ffffffff 00cf9300 DPL=0 DS   [-WA]
CS =0038 0000000000000000 ffffffff 00af9a00 DPL=0 CS64 [-R-]
SS =0030 0000000000000000 ffffffff 00cf9300 DPL=0 DS   [-WA]
DS =0030 0000000000000000 ffffffff 00cf9300 DPL=0 DS   [-WA]
FS =0030 0000000000000000 ffffffff 00cf9300 DPL=0 DS   [-WA]
GS =0030 0000000000000000 ffffffff 00cf9300 DPL=0 DS   [-WA]
LDT=0000 0000000000000000 0000ffff 00008200 DPL=0 LDT
TR =0048 000000007fd2c058 00000067 00008900 DPL=0 TSS64-avl
GDT=     000000007fd2c000 00000057
IDT=     000000007bb8af58 00000fff
CR0=80010033 CR2=0000000000000000 CR3=000000007f401000 CR4=00000668
DR0=0000000000000000 DR1=0000000000000000 DR2=0000000000000000 DR3=0000000000000000 
DR6=00000000ffff0ff0 DR7=0000000000000400
CCS=0000000000000091 CCD=fffffffffffffffe CCO=EFLAGS
EFER=0000000000000d00
Servicing hardware INT=0x20
    61: v=20 e=0000 i=0 cpl=0 IP=0038:000000007fbf3467 pc=000000007fbf3467 SP=0030:000000007fbec7d0 env->regs[R_EAX]=000000000000001c
RAX=000000000000001c RBX=000000000000002d RCX=0000000000000015 RDX=0000000000000000
RSI=000000007ec170c0 RDI=000000007e273698 RBP=000000007fbec820 RSP=000000007fbec7d0
R8 =0000000000000001 R9 =000000007f3feb18 R10=0000000000000000 R11=000000007ec5b700
R12=000000007e273a98 R13=000000007ec44798 R14=000000007fbec8b8 R15=0000000000000000
RIP=000000007fbf3467 RFL=00000293 [--S-A-C] CPL=0 II=0 A20=1 SMM=0 HLT=0
ES =0030 0000000000000000 ffffffff 00cf9300 DPL=0 DS   [-WA]
CS =0038 0000000000000000 ffffffff 00af9a00 DPL=0 CS64 [-R-]
SS =0030 0000000000000000 ffffffff 00cf9300 DPL=0 DS   [-WA]
DS =0030 0000000000000000 ffffffff 00cf9300 DPL=0 DS   [-WA]
FS =0030 0000000000000000 ffffffff 00cf9300 DPL=0 DS   [-WA]
GS =0030 0000000000000000 ffffffff 00cf9300 DPL=0 DS   [-WA]
LDT=0000 0000000000000000 0000ffff 00008200 DPL=0 LDT
TR =0048 000000007fd2c058 00000067 00008900 DPL=0 TSS64-avl
GDT=     000000007fd2c000 00000057
IDT=     000000007bb8af58 00000fff
CR0=80010033 CR2=0000000000000000 CR3=000000007f401000 CR4=00000668
DR0=0000000000000000 DR1=0000000000000000 DR2=0000000000000000 DR3=0000000000000000 
DR6=00000000ffff0ff0 DR7=0000000000000400
CCS=0000000000000091 CCD=ffffffffffffffef CCO=EFLAGS
EFER=0000000000000d00
Servicing hardware INT=0x20
    62: v=20 e=0000 i=0 cpl=0 IP=0038:000000007f098021 pc=000000007f098021 SP=0030:000000007fbec5f8 env->regs[R_EAX]=0000000000000000
RAX=0000000000000000 RBX=0000000000000004 RCX=000000007f0a8340 RDX=0000000000000000
RSI=0000000000000000 RDI=0000000000000001 RBP=000000007fbec630 RSP=000000007fbec5f8
R8 =0000000000000001 R9 =000000007f3feb18 R10=0000000000000000 R11=000000007ec5b700
R12=0000000000000001 R13=000000007f3feb18 R14=000000007fbec7e8 R15=000000007fc11b40
RIP=000000007f098021 RFL=00000246 [---Z-P-] CPL=0 II=0 A20=1 SMM=0 HLT=0
ES =0030 0000000000000000 ffffffff 00cf9300 DPL=0 DS   [-WA]
CS =0038 0000000000000000 ffffffff 00af9a00 DPL=0 CS64 [-R-]
SS =0030 0000000000000000 ffffffff 00cf9300 DPL=0 DS   [-WA]
DS =0030 0000000000000000 ffffffff 00cf9300 DPL=0 DS   [-WA]
FS =0030 0000000000000000 ffffffff 00cf9300 DPL=0 DS   [-WA]
GS =0030 0000000000000000 ffffffff 00cf9300 DPL=0 DS   [-WA]
LDT=0000 0000000000000000 0000ffff 00008200 DPL=0 LDT
TR =0048 000000007fd2c058 00000067 00008900 DPL=0 TSS64-avl
GDT=     000000007fd2c000 00000057
IDT=     000000007bb8af58 00000fff
CR0=80010033 CR2=0000000000000000 CR3=000000007f401000 CR4=00000668
DR0=0000000000000000 DR1=0000000000000000 DR2=0000000000000000 DR3=0000000000000000 
DR6=00000000ffff0ff0 DR7=0000000000000400
CCS=0000000000000044 CCD=000000007fbec600 CCO=EFLAGS
EFER=0000000000000d00
Servicing hardware INT=0x20
    63: v=20 e=0000 i=0 cpl=0 IP=0038:000000007fbf30a4 pc=000000007fbf30a4 SP=0030:000000007fbec370 env->regs[R_EAX]=000000007ec3a9a0
RAX=000000007ec3a9a0 RBX=0000000000000000 RCX=0000000000000000 RDX=0000000000000000
RSI=000000007ec3a458 RDI=000000007ec3ac98 RBP=000000007fbec3e0 RSP=000000007fbec370
R8 =000000007fbec468 R9 =000000007f3feb18 R10=0000000000000000 R11=000000007e274f88
R12=0000000000000001 R13=000000007f3feb18 R14=000000007fbec468 R15=000000007ec3a418
RIP=000000007fbf30a4 RFL=00000246 [---Z-P-] CPL=0 II=0 A20=1 SMM=0 HLT=0
ES =0030 0000000000000000 ffffffff 00cf9300 DPL=0 DS   [-WA]
CS =0038 0000000000000000 ffffffff 00af9a00 DPL=0 CS64 [-R-]
SS =0030 0000000000000000 ffffffff 00cf9300 DPL=0 DS   [-WA]
DS =0030 0000000000000000 ffffffff 00cf9300 DPL=0 DS   [-WA]
FS =0030 0000000000000000 ffffffff 00cf9300 DPL=0 DS   [-WA]
GS =0030 0000000000000000 ffffffff 00cf9300 DPL=0 DS   [-WA]
LDT=0000 0000000000000000 0000ffff 00008200 DPL=0 LDT
TR =0048 000000007fd2c058 00000067 00008900 DPL=0 TSS64-avl
GDT=     000000007fd2c000 00000057
IDT=     000000007bb8af58 00000fff
CR0=80010033 CR2=0000000000000000 CR3=000000007f401000 CR4=00000668
DR0=0000000000000000 DR1=0000000000000000 DR2=0000000000000000 DR3=0000000000000000 
DR6=00000000ffff0ff0 DR7=0000000000000400
CCS=0000000000000044 CCD=0000000000000000 CCO=EFLAGS
EFER=0000000000000d00
Servicing hardware INT=0x20
    64: v=20 e=0000 i=0 cpl=0 IP=0038:000000007e9f20a3 pc=000000007e9f20a3 SP=0030:000000007fbebf78 env->regs[R_EAX]=0000000000000000
RAX=0000000000000000 RBX=000000007e906380 RCX=0000000000010001 RDX=0000000000000000
RSI=0000000000000000 RDI=000000007e7be068 RBP=000000007fbebff0 RSP=000000007fbebf78
R8 =0000000000000000 R9 =0000000000000000 R10=0000000000000000 R11=0000000000000001
R12=000000007fbec098 R13=0000000000004000 R14=000000007e9a0828 R15=0000000000000000
RIP=000000007e9f20a3 RFL=00010246 [---Z-P-] CPL=0 II=0 A20=1 SMM=0 HLT=0
ES =0030 0000000000000000 ffffffff 00cf9300 DPL=0 DS   [-WA]
CS =0038 0000000000000000 ffffffff 00af9a00 DPL=0 CS64 [-R-]
SS =0030 0000000000000000 ffffffff 00cf9300 DPL=0 DS   [-WA]
DS =0030 0000000000000000 ffffffff 00cf9300 DPL=0 DS   [-WA]
FS =0030 0000000000000000 ffffffff 00cf9300 DPL=0 DS   [-WA]
GS =0030 0000000000000000 ffffffff 00cf9300 DPL=0 DS   [-WA]
LDT=0000 0000000000000000 0000ffff 00008200 DPL=0 LDT
TR =0048 000000007fd2c058 00000067 00008900 DPL=0 TSS64-avl
GDT=     000000007fd2c000 00000057
IDT=     000000007bb8af58 00000fff
CR0=80010033 CR2=0000000000000000 CR3=000000007f401000 CR4=00000668
DR0=0000000000000000 DR1=0000000000000000 DR2=0000000000000000 DR3=0000000000000000 
DR6=00000000ffff0ff0 DR7=0000000000000400
CCS=0000000000000044 CCD=0000000000000000 CCO=EFLAGS
EFER=0000000000000d00
Servicing hardware INT=0x20
    65: v=20 e=0000 i=0 cpl=0 IP=0038:000000007f098021 pc=000000007f098021 SP=0030:000000007fbec5f8 env->regs[R_EAX]=0000000000000000
RAX=0000000000000000 RBX=0000000000000004 RCX=000000007f0a8340 RDX=8000000000000002
RSI=000000007fbec7d8 RDI=0000000000000001 RBP=000000007fbec630 RSP=000000007fbec5f8
R8 =000000007e274018 R9 =0000000000000000 R10=0000000000000000 R11=000000007e274f88
R12=000000007e274018 R13=000000007e9a4398 R14=000000007fbec7d8 R15=000000007fc11b40
RIP=000000007f098021 RFL=00000246 [---Z-P-] CPL=0 II=0 A20=1 SMM=0 HLT=0
ES =0030 0000000000000000 ffffffff 00cf9300 DPL=0 DS   [-WA]
CS =0038 0000000000000000 ffffffff 00af9a00 DPL=0 CS64 [-R-]
SS =0030 0000000000000000 ffffffff 00cf9300 DPL=0 DS   [-WA]
DS =0030 0000000000000000 ffffffff 00cf9300 DPL=0 DS   [-WA]
FS =0030 0000000000000000 ffffffff 00cf9300 DPL=0 DS   [-WA]
GS =0030 0000000000000000 ffffffff 00cf9300 DPL=0 DS   [-WA]
LDT=0000 0000000000000000 0000ffff 00008200 DPL=0 LDT
TR =0048 000000007fd2c058 00000067 00008900 DPL=0 TSS64-avl
GDT=     000000007fd2c000 00000057
IDT=     000000007bb8af58 00000fff
CR0=80010033 CR2=0000000000000000 CR3=000000007f401000 CR4=00000668
DR0=0000000000000000 DR1=0000000000000000 DR2=0000000000000000 DR3=0000000000000000 
DR6=00000000ffff0ff0 DR7=0000000000000400
CCS=0000000000000044 CCD=000000007fbec600 CCO=EFLAGS
EFER=0000000000000d00
Servicing hardware INT=0x20
    66: v=20 e=0000 i=0 cpl=0 IP=0038:000000007e9eda22 pc=000000007e9eda22 SP=0030:000000007fbec030 env->regs[R_EAX]=0000000000000088
RAX=0000000000000088 RBX=0000000000000064 RCX=0000000000000608 RDX=00000000005928e9
RSI=0000000000592971 RDI=000000007e9a0828 RBP=000000007fbec060 RSP=000000007fbec030
R8 =000000007fbec02c R9 =0000000000000608 R10=0000000000000002 R11=00000000dfffffff
R12=0000000000000000 R13=0000000000000000 R14=8000000000000006 R15=0000000000000000
RIP=000000007e9eda22 RFL=00000206 [-----P-] CPL=0 II=0 A20=1 SMM=0 HLT=0
ES =0030 0000000000000000 ffffffff 00cf9300 DPL=0 DS   [-WA]
CS =0038 0000000000000000 ffffffff 00af9a00 DPL=0 CS64 [-R-]
SS =0030 0000000000000000 ffffffff 00cf9300 DPL=0 DS   [-WA]
DS =0030 0000000000000000 ffffffff 00cf9300 DPL=0 DS   [-WA]
FS =0030 0000000000000000 ffffffff 00cf9300 DPL=0 DS   [-WA]
GS =0030 0000000000000000 ffffffff 00cf9300 DPL=0 DS   [-WA]
LDT=0000 0000000000000000 0000ffff 00008200 DPL=0 LDT
TR =0048 000000007fd2c058 00000067 00008900 DPL=0 TSS64-avl
GDT=     000000007fd2c000 00000057
IDT=     000000007bb8af58 00000fff
CR0=80010033 CR2=0000000000000000 CR3=000000007f401000 CR4=00000668
DR0=0000000000000000 DR1=0000000000000000 DR2=0000000000000000 DR3=0000000000000000 
DR6=00000000ffff0ff0 DR7=0000000000000400
CCS=0000000000000004 CCD=0000000000000088 CCO=EFLAGS
EFER=0000000000000d00
Servicing hardware INT=0x20
    67: v=20 e=0000 i=0 cpl=0 IP=0038:000000007e9f20a6 pc=000000007e9f20a6 SP=0030:000000007fbebf58 env->regs[R_EAX]=0000000000000000
RAX=0000000000000000 RBX=000000007e906380 RCX=0000000000000000 RDX=0000000000000000
RSI=0000000000000000 RDI=000000007e83e070 RBP=000000007fbebfd0 RSP=000000007fbebf58
R8 =0000000000000002 R9 =0000000000000000 R10=0000000011e1a300 R11=000000000000000c
R12=000000007fbec068 R13=0000000000000012 R14=000000007e9a0828 R15=0000000000000002
RIP=000000007e9f20a6 RFL=00000246 [---Z-P-] CPL=0 II=0 A20=1 SMM=0 HLT=0
ES =0030 0000000000000000 ffffffff 00cf9300 DPL=0 DS   [-WA]
CS =0038 0000000000000000 ffffffff 00af9a00 DPL=0 CS64 [-R-]
SS =0030 0000000000000000 ffffffff 00cf9300 DPL=0 DS   [-WA]
DS =0030 0000000000000000 ffffffff 00cf9300 DPL=0 DS   [-WA]
FS =0030 0000000000000000 ffffffff 00cf9300 DPL=0 DS   [-WA]
GS =0030 0000000000000000 ffffffff 00cf9300 DPL=0 DS   [-WA]
LDT=0000 0000000000000000 0000ffff 00008200 DPL=0 LDT
TR =0048 000000007fd2c058 00000067 00008900 DPL=0 TSS64-avl
GDT=     000000007fd2c000 00000057
IDT=     000000007bb8af58 00000fff
CR0=80010033 CR2=0000000000000000 CR3=000000007f401000 CR4=00000668
DR0=0000000000000000 DR1=0000000000000000 DR2=0000000000000000 DR3=0000000000000000 
DR6=00000000ffff0ff0 DR7=0000000000000400
CCS=0000000000000044 CCD=0000000000000000 CCO=EFLAGS
EFER=0000000000000d00
Servicing hardware INT=0x20
    68: v=20 e=0000 i=0 cpl=0 IP=0038:000000007fc04228 pc=000000007fc04228 SP=0030:000000007fbec5d0 env->regs[R_EAX]=ffffffffffffffff
RAX=ffffffffffffffff RBX=000000007e99b418 RCX=000000007e90cb98 RDX=000000007e970018
RSI=000000007f3fe018 RDI=000000007e90cb98 RBP=000000007fbec610 RSP=000000007fbec5d0
R8 =000000007fbec710 R9 =000000007ec0e918 R10=0000000000000000 R11=000000007ec5b700
R12=0000000000000010 R13=000000007ec0e918 R14=000000007fbec710 R15=000000007e9e91c0
RIP=000000007fc04228 RFL=00000286 [--S--P-] CPL=0 II=0 A20=1 SMM=0 HLT=0
ES =0030 0000000000000000 ffffffff 00cf9300 DPL=0 DS   [-WA]
CS =0038 0000000000000000 ffffffff 00af9a00 DPL=0 CS64 [-R-]
SS =0030 0000000000000000 ffffffff 00cf9300 DPL=0 DS   [-WA]
DS =0030 0000000000000000 ffffffff 00cf9300 DPL=0 DS   [-WA]
FS =0030 0000000000000000 ffffffff 00cf9300 DPL=0 DS   [-WA]
GS =0030 0000000000000000 ffffffff 00cf9300 DPL=0 DS   [-WA]
LDT=0000 0000000000000000 0000ffff 00008200 DPL=0 LDT
TR =0048 000000007fd2c058 00000067 00008900 DPL=0 TSS64-avl
GDT=     000000007fd2c000 00000057
IDT=     000000007bb8af58 00000fff
CR0=80010033 CR2=0000000000000000 CR3=000000007f401000 CR4=00000668
DR0=0000000000000000 DR1=0000000000000000 DR2=0000000000000000 DR3=0000000000000000 
DR6=00000000ffff0ff0 DR7=0000000000000400
CCS=0000000000000084 CCD=ffffffffffffffff CCO=EFLAGS
EFER=0000000000000d00
Servicing hardware INT=0x20
    69: v=20 e=0000 i=0 cpl=0 IP=0038:000000007e9ed9d4 pc=000000007e9ed9d4 SP=0030:000000007fbebc90 env->regs[R_EAX]=00000000005ac925
RAX=00000000005ac925 RBX=0000000000000064 RCX=0000000000000608 RDX=0000000000000608
RSI=00000000005ac87b RDI=000000007e9a0828 RBP=000000007fbebce0 RSP=000000007fbebc90
R8 =000000007fbebcec R9 =0000000000000608 R10=0000000000000002 R11=00000000dfffffff
R12=0000000000000000 R13=0000000000000000 R14=8000000000000006 R15=0000000000000000
RIP=000000007e9ed9d4 RFL=00000293 [--S-A-C] CPL=0 II=0 A20=1 SMM=0 HLT=0
ES =0030 0000000000000000 ffffffff 00cf9300 DPL=0 DS   [-WA]
CS =0038 0000000000000000 ffffffff 00af9a00 DPL=0 CS64 [-R-]
SS =0030 0000000000000000 ffffffff 00cf9300 DPL=0 DS   [-WA]
DS =0030 0000000000000000 ffffffff 00cf9300 DPL=0 DS   [-WA]
FS =0030 0000000000000000 ffffffff 00cf9300 DPL=0 DS   [-WA]
GS =0030 0000000000000000 ffffffff 00cf9300 DPL=0 DS   [-WA]
LDT=0000 0000000000000000 0000ffff 00008200 DPL=0 LDT
TR =0048 000000007fd2c058 00000067 00008900 DPL=0 TSS64-avl
GDT=     000000007fd2c000 00000057
IDT=     000000007bb8af58 00000fff
CR0=80010033 CR2=0000000000000000 CR3=000000007f401000 CR4=00000668
DR0=0000000000000000 DR1=0000000000000000 DR2=0000000000000000 DR3=0000000000000000 
DR6=00000000ffff0ff0 DR7=0000000000000400
CCS=0000000000000091 CCD=00000000000000fe CCO=EFLAGS
EFER=0000000000000d00
Servicing hardware INT=0x20
    70: v=20 e=0000 i=0 cpl=0 IP=0038:000000007e9ed9d4 pc=000000007e9ed9d4 SP=0030:000000007fbebbd0 env->regs[R_EAX]=00000000005b502c
RAX=00000000005b502c RBX=0000000000000064 RCX=0000000000000608 RDX=0000000000000608
RSI=00000000005b4e6a RDI=000000007e9a0828 RBP=000000007fbebc20 RSP=000000007fbebbd0
R8 =000000007fbebc2c R9 =0000000000000608 R10=0000000000000002 R11=00000000dfffffff
R12=0000000000000000 R13=0000000000000000 R14=8000000000000006 R15=0000000000000000
RIP=000000007e9ed9d4 RFL=00000293 [--S-A-C] CPL=0 II=0 A20=1 SMM=0 HLT=0
ES =0030 0000000000000000 ffffffff 00cf9300 DPL=0 DS   [-WA]
CS =0038 0000000000000000 ffffffff 00af9a00 DPL=0 CS64 [-R-]
SS =0030 0000000000000000 ffffffff 00cf9300 DPL=0 DS   [-WA]
DS =0030 0000000000000000 ffffffff 00cf9300 DPL=0 DS   [-WA]
FS =0030 0000000000000000 ffffffff 00cf9300 DPL=0 DS   [-WA]
GS =0030 0000000000000000 ffffffff 00cf9300 DPL=0 DS   [-WA]
LDT=0000 0000000000000000 0000ffff 00008200 DPL=0 LDT
TR =0048 000000007fd2c058 00000067 00008900 DPL=0 TSS64-avl
GDT=     000000007fd2c000 00000057
IDT=     000000007bb8af58 00000fff
CR0=80010033 CR2=0000000000000000 CR3=000000007f401000 CR4=00000668
DR0=0000000000000000 DR1=0000000000000000 DR2=0000000000000000 DR3=0000000000000000 
DR6=00000000ffff0ff0 DR7=0000000000000400
CCS=0000000000000091 CCD=fffffffffffffffe CCO=EFLAGS
EFER=0000000000000d00
Servicing hardware INT=0x20
    71: v=20 e=0000 i=0 cpl=0 IP=0038:000000007fc0465a pc=000000007fc0465a SP=0030:000000007fbec5b0 env->regs[R_EAX]=00000000000000af
RAX=00000000000000af RBX=000000007e181018 RCX=00000000000c0001 RDX=000000007e181018
RSI=000000007e26d000 RDI=000000007e1a106f RBP=000000007fbec620 RSP=000000007fbec5b0
R8 =00000000000000af R9 =00000000000e1000 R10=000000007e180fff R11=ffffffffffffffff
R12=000000007e181018 R13=00000000000000e1 R14=0000000000000000 R15=00000000000e0080
RIP=000000007fc0465a RFL=00010202 [-------] CPL=0 II=0 A20=1 SMM=0 HLT=0
ES =0030 0000000000000000 ffffffff 00cf9300 DPL=0 DS   [-WA]
CS =0038 0000000000000000 ffffffff 00af9a00 DPL=0 CS64 [-R-]
SS =0030 0000000000000000 ffffffff 00cf9300 DPL=0 DS   [-WA]
DS =0030 0000000000000000 ffffffff 00cf9300 DPL=0 DS   [-WA]
FS =0030 0000000000000000 ffffffff 00cf9300 DPL=0 DS   [-WA]
GS =0030 0000000000000000 ffffffff 00cf9300 DPL=0 DS   [-WA]
LDT=0000 0000000000000000 0000ffff 00008200 DPL=0 LDT
TR =0048 000000007fd2c058 00000067 00008900 DPL=0 TSS64-avl
GDT=     000000007fd2c000 00000057
IDT=     000000007bb8af58 00000fff
CR0=80010033 CR2=0000000000000000 CR3=000000007f401000 CR4=00000668
DR0=0000000000000000 DR1=0000000000000000 DR2=0000000000000000 DR3=0000000000000000 
DR6=00000000ffff0ff0 DR7=0000000000000400
CCS=0000000000000000 CCD=00000000000e0058 CCO=EFLAGS
EFER=0000000000000d00
Servicing hardware INT=0x20
    72: v=20 e=0000 i=0 cpl=0 IP=0038:000000007e9eda22 pc=000000007e9eda22 SP=0030:000000007fbebce0 env->regs[R_EAX]=000000000000011e
RAX=000000000000011e RBX=0000000000000064 RCX=0000000000000608 RDX=00000000005c6792
RSI=00000000005c68b0 RDI=000000007e9a0828 RBP=000000007fbebd10 RSP=000000007fbebce0
R8 =000000007fbebcdc R9 =0000000000000608 R10=0000000000000002 R11=00000000dfffffff
R12=0000000000000000 R13=0000000000000000 R14=8000000000000006 R15=0000000000000000
RIP=000000007e9eda22 RFL=00000206 [-----P-] CPL=0 II=0 A20=1 SMM=0 HLT=0
ES =0030 0000000000000000 ffffffff 00cf9300 DPL=0 DS   [-WA]
CS =0038 0000000000000000 ffffffff 00af9a00 DPL=0 CS64 [-R-]
SS =0030 0000000000000000 ffffffff 00cf9300 DPL=0 DS   [-WA]
DS =0030 0000000000000000 ffffffff 00cf9300 DPL=0 DS   [-WA]
FS =0030 0000000000000000 ffffffff 00cf9300 DPL=0 DS   [-WA]
GS =0030 0000000000000000 ffffffff 00cf9300 DPL=0 DS   [-WA]
LDT=0000 0000000000000000 0000ffff 00008200 DPL=0 LDT
TR =0048 000000007fd2c058 00000067 00008900 DPL=0 TSS64-avl
GDT=     000000007fd2c000 00000057
IDT=     000000007bb8af58 00000fff
CR0=80010033 CR2=0000000000000000 CR3=000000007f401000 CR4=00000668
DR0=0000000000000000 DR1=0000000000000000 DR2=0000000000000000 DR3=0000000000000000 
DR6=00000000ffff0ff0 DR7=0000000000000400
CCS=0000000000000004 CCD=000000000000011e CCO=EFLAGS
EFER=0000000000000d00
Servicing hardware INT=0x20
    73: v=20 e=0000 i=0 cpl=0 IP=0038:000000007e9ed9d4 pc=000000007e9ed9d4 SP=0030:000000007fbebbc0 env->regs[R_EAX]=00000000005cf611
RAX=00000000005cf611 RBX=0000000000000064 RCX=0000000000000608 RDX=0000000000000608
RSI=00000000005cf590 RDI=000000007e9a0828 RBP=000000007fbebc10 RSP=000000007fbebbc0
R8 =000000007fbebc1c R9 =0000000000000608 R10=0000000000000002 R11=00000000dfffffff
R12=0000000000000000 R13=0000000000000000 R14=8000000000000006 R15=0000000000000000
RIP=000000007e9ed9d4 RFL=00000293 [--S-A-C] CPL=0 II=0 A20=1 SMM=0 HLT=0
ES =0030 0000000000000000 ffffffff 00cf9300 DPL=0 DS   [-WA]
CS =0038 0000000000000000 ffffffff 00af9a00 DPL=0 CS64 [-R-]
SS =0030 0000000000000000 ffffffff 00cf9300 DPL=0 DS   [-WA]
DS =0030 0000000000000000 ffffffff 00cf9300 DPL=0 DS   [-WA]
FS =0030 0000000000000000 ffffffff 00cf9300 DPL=0 DS   [-WA]
GS =0030 0000000000000000 ffffffff 00cf9300 DPL=0 DS   [-WA]
LDT=0000 0000000000000000 0000ffff 00008200 DPL=0 LDT
TR =0048 000000007fd2c058 00000067 00008900 DPL=0 TSS64-avl
GDT=     000000007fd2c000 00000057
IDT=     000000007bb8af58 00000fff
CR0=80010033 CR2=0000000000000000 CR3=000000007f401000 CR4=00000668
DR0=0000000000000000 DR1=0000000000000000 DR2=0000000000000000 DR3=0000000000000000 
DR6=00000000ffff0ff0 DR7=0000000000000400
CCS=0000000000000091 CCD=00000000000000fe CCO=EFLAGS
EFER=0000000000000d00
Servicing hardware INT=0x20
    74: v=20 e=0000 i=0 cpl=0 IP=0038:000000007e9eda22 pc=000000007e9eda22 SP=0030:000000007fbebc60 env->regs[R_EAX]=0000000000000004
RAX=0000000000000004 RBX=0000000000000064 RCX=0000000000000608 RDX=00000000005d7d36
RSI=00000000005d7d3a RDI=000000007e9a0828 RBP=000000007fbebc90 RSP=000000007fbebc60
R8 =000000007fbebc5c R9 =0000000000000608 R10=0000000000000002 R11=00000000dfffffff
R12=0000000000000000 R13=0000000000000000 R14=8000000000000006 R15=0000000000000000
RIP=000000007e9eda22 RFL=00000202 [-------] CPL=0 II=0 A20=1 SMM=0 HLT=0
ES =0030 0000000000000000 ffffffff 00cf9300 DPL=0 DS   [-WA]
CS =0038 0000000000000000 ffffffff 00af9a00 DPL=0 CS64 [-R-]
SS =0030 0000000000000000 ffffffff 00cf9300 DPL=0 DS   [-WA]
DS =0030 0000000000000000 ffffffff 00cf9300 DPL=0 DS   [-WA]
FS =0030 0000000000000000 ffffffff 00cf9300 DPL=0 DS   [-WA]
GS =0030 0000000000000000 ffffffff 00cf9300 DPL=0 DS   [-WA]
LDT=0000 0000000000000000 0000ffff 00008200 DPL=0 LDT
TR =0048 000000007fd2c058 00000067 00008900 DPL=0 TSS64-avl
GDT=     000000007fd2c000 00000057
IDT=     000000007bb8af58 00000fff
CR0=80010033 CR2=0000000000000000 CR3=000000007f401000 CR4=00000668
DR0=0000000000000000 DR1=0000000000000000 DR2=0000000000000000 DR3=0000000000000000 
DR6=00000000ffff0ff0 DR7=0000000000000400
CCS=0000000000000000 CCD=0000000000000004 CCO=EFLAGS
EFER=0000000000000d00
Servicing hardware INT=0x20
    75: v=20 e=0000 i=0 cpl=0 IP=0038:000000007e9eda22 pc=000000007e9eda22 SP=0030:000000007fbebd50 env->regs[R_EAX]=000000000000000b
RAX=000000000000000b RBX=0000000000000064 RCX=0000000000000608 RDX=00000000005e1352
RSI=00000000005e135d RDI=000000007e9a0828 RBP=000000007fbebd80 RSP=000000007fbebd50
R8 =000000007fbebd4c R9 =0000000000000608 R10=0000000000000002 R11=00000000dfffffff
R12=0000000000000000 R13=0000000000000000 R14=8000000000000006 R15=0000000000000000
RIP=000000007e9eda22 RFL=00000202 [-------] CPL=0 II=0 A20=1 SMM=0 HLT=0
ES =0030 0000000000000000 ffffffff 00cf9300 DPL=0 DS   [-WA]
CS =0038 0000000000000000 ffffffff 00af9a00 DPL=0 CS64 [-R-]
SS =0030 0000000000000000 ffffffff 00cf9300 DPL=0 DS   [-WA]
DS =0030 0000000000000000 ffffffff 00cf9300 DPL=0 DS   [-WA]
FS =0030 0000000000000000 ffffffff 00cf9300 DPL=0 DS   [-WA]
GS =0030 0000000000000000 ffffffff 00cf9300 DPL=0 DS   [-WA]
LDT=0000 0000000000000000 0000ffff 00008200 DPL=0 LDT
TR =0048 000000007fd2c058 00000067 00008900 DPL=0 TSS64-avl
GDT=     000000007fd2c000 00000057
IDT=     000000007bb8af58 00000fff
CR0=80010033 CR2=0000000000000000 CR3=000000007f401000 CR4=00000668
DR0=0000000000000000 DR1=0000000000000000 DR2=0000000000000000 DR3=0000000000000000 
DR6=00000000ffff0ff0 DR7=0000000000000400
CCS=0000000000000000 CCD=000000000000000b CCO=EFLAGS
EFER=0000000000000d00
Servicing hardware INT=0x20
    76: v=20 e=0000 i=0 cpl=0 IP=0038:000000007e9ed9d4 pc=000000007e9ed9d4 SP=0030:000000007fbebb10 env->regs[R_EAX]=00000000005e986d
RAX=00000000005e986d RBX=0000000000000064 RCX=0000000000000608 RDX=0000000000000608
RSI=00000000005e97b9 RDI=000000007e9a0828 RBP=000000007fbebb60 RSP=000000007fbebb10
R8 =000000007fbebb6c R9 =0000000000000608 R10=0000000000000002 R11=00000000dfffffff
R12=0000000000000000 R13=0000000000000000 R14=8000000000000006 R15=0000000000000000
RIP=000000007e9ed9d4 RFL=00000293 [--S-A-C] CPL=0 II=0 A20=1 SMM=0 HLT=0
ES =0030 0000000000000000 ffffffff 00cf9300 DPL=0 DS   [-WA]
CS =0038 0000000000000000 ffffffff 00af9a00 DPL=0 CS64 [-R-]
SS =0030 0000000000000000 ffffffff 00cf9300 DPL=0 DS   [-WA]
DS =0030 0000000000000000 ffffffff 00cf9300 DPL=0 DS   [-WA]
FS =0030 0000000000000000 ffffffff 00cf9300 DPL=0 DS   [-WA]
GS =0030 0000000000000000 ffffffff 00cf9300 DPL=0 DS   [-WA]
LDT=0000 0000000000000000 0000ffff 00008200 DPL=0 LDT
TR =0048 000000007fd2c058 00000067 00008900 DPL=0 TSS64-avl
GDT=     000000007fd2c000 00000057
IDT=     000000007bb8af58 00000fff
CR0=80010033 CR2=0000000000000000 CR3=000000007f401000 CR4=00000668
DR0=0000000000000000 DR1=0000000000000000 DR2=0000000000000000 DR3=0000000000000000 
DR6=00000000ffff0ff0 DR7=0000000000000400
CCS=0000000000000091 CCD=fffffffffffffffe CCO=EFLAGS
EFER=0000000000000d00
Servicing hardware INT=0x20
    77: v=20 e=0000 i=0 cpl=0 IP=0038:000000007f067713 pc=000000007f067713 SP=0030:000000007fbec170 env->regs[R_EAX]=000000007e12a018
RAX=000000007e12a018 RBX=0000000000000000 RCX=0000000000000000 RDX=0000000000000000
RSI=0000000000000013 RDI=000000007ec48f38 RBP=000000007fbec2e0 RSP=000000007fbec170
R8 =00000000000000af R9 =0000000000000001 R10=000000007fc05c00 R11=000000007e12ae88
R12=000000007e263370 R13=000000007e271a18 R14=0000000000000000 R15=0000000000730013
RIP=000000007f067713 RFL=00000206 [-----P-] CPL=0 II=0 A20=1 SMM=0 HLT=0
ES =0030 0000000000000000 ffffffff 00cf9300 DPL=0 DS   [-WA]
CS =0038 0000000000000000 ffffffff 00af9a00 DPL=0 CS64 [-R-]
SS =0030 0000000000000000 ffffffff 00cf9300 DPL=0 DS   [-WA]
DS =0030 0000000000000000 ffffffff 00cf9300 DPL=0 DS   [-WA]
FS =0030 0000000000000000 ffffffff 00cf9300 DPL=0 DS   [-WA]
GS =0030 0000000000000000 ffffffff 00cf9300 DPL=0 DS   [-WA]
LDT=0000 0000000000000000 0000ffff 00008200 DPL=0 LDT
TR =0048 000000007fd2c058 00000067 00008900 DPL=0 TSS64-avl
GDT=     000000007fd2c000 00000057
IDT=     000000007bb8af58 00000fff
CR0=80010033 CR2=0000000000000000 CR3=000000007f401000 CR4=00000668
DR0=0000000000000000 DR1=0000000000000000 DR2=0000000000000000 DR3=0000000000000000 
DR6=00000000ffff0ff0 DR7=0000000000000400
CCS=0000000000000004 CCD=000000007e12a018 CCO=EFLAGS
EFER=0000000000000d00
Servicing hardware INT=0x20
    78: v=20 e=0000 i=0 cpl=0 IP=0038:000000007e113417 pc=000000007e113417 SP=0030:000000007fbec780 env->regs[R_EAX]=000000007e121694
RAX=000000007e121694 RBX=0000000000000000 RCX=0000000000000000 RDX=0000000000000000
RSI=000000007e12b878 RDI=000000007e0e1000 RBP=000000007fbec780 RSP=000000007fbec780
R8 =0000000000000000 R9 =000000007f3feb18 R10=0000000000000000 R11=ffffffffffffffff
R12=0000000000000000 R13=0000000000000000 R14=000000007e911718 R15=000000007e12c018
RIP=000000007e113417 RFL=00000246 [---Z-P-] CPL=0 II=0 A20=1 SMM=0 HLT=0
ES =0030 0000000000000000 ffffffff 00cf9300 DPL=0 DS   [-WA]
CS =0038 0000000000000000 ffffffff 00af9a00 DPL=0 CS64 [-R-]
SS =0030 0000000000000000 ffffffff 00cf9300 DPL=0 DS   [-WA]
DS =0030 0000000000000000 ffffffff 00cf9300 DPL=0 DS   [-WA]
FS =0030 0000000000000000 ffffffff 00cf9300 DPL=0 DS   [-WA]
GS =0030 0000000000000000 ffffffff 00cf9300 DPL=0 DS   [-WA]
LDT=0000 0000000000000000 0000ffff 00008200 DPL=0 LDT
TR =0048 000000007fd2c058 00000067 00008900 DPL=0 TSS64-avl
GDT=     000000007fd2c000 00000057
IDT=     000000007bb8af58 00000fff
CR0=80010033 CR2=0000000000000000 CR3=000000007f401000 CR4=00000668
DR0=0000000000000000 DR1=0000000000000000 DR2=0000000000000000 DR3=0000000000000000 
DR6=00000000ffff0ff0 DR7=0000000000000400
CCS=0000000000000044 CCD=000000007fbec7a0 CCO=EFLAGS
EFER=0000000000000d00
Servicing hardware INT=0x20
    79: v=20 e=0000 i=0 cpl=0 IP=0038:000000007e0eedb0 pc=000000007e0eedb0 SP=0030:000000007fbec630 env->regs[R_EAX]=000000007dfe1000
RAX=000000007dfe1000 RBX=0000000000100000 RCX=0000000000000000 RDX=0000000000100000
RSI=0000000000000000 RDI=0000000000000008 RBP=000000007fbec630 RSP=000000007fbec630
R8 =000000000000005f R9 =0000000000000117 R10=0000000000000002 R11=000000000000003f
R12=0000000100000001 R13=000000007bb8c000 R14=000000007dfe1000 R15=000000007e12a370
RIP=000000007e0eedb0 RFL=00000212 [----A--] CPL=0 II=0 A20=1 SMM=0 HLT=0
ES =0030 0000000000000000 ffffffff 00cf9300 DPL=0 DS   [-WA]
CS =0038 0000000000000000 ffffffff 00af9a00 DPL=0 CS64 [-R-]
SS =0030 0000000000000000 ffffffff 00cf9300 DPL=0 DS   [-WA]
DS =0030 0000000000000000 ffffffff 00cf9300 DPL=0 DS   [-WA]
FS =0030 0000000000000000 ffffffff 00cf9300 DPL=0 DS   [-WA]
GS =0030 0000000000000000 ffffffff 00cf9300 DPL=0 DS   [-WA]
LDT=0000 0000000000000000 0000ffff 00008200 DPL=0 LDT
TR =0048 000000007fd2c058 00000067 00008900 DPL=0 TSS64-avl
GDT=     000000007fd2c000 00000057
IDT=     000000007bb8af58 00000fff
CR0=80010033 CR2=0000000000000000 CR3=000000007f401000 CR4=00000668
DR0=0000000000000000 DR1=0000000000000000 DR2=0000000000000000 DR3=0000000000000000 
DR6=00000000ffff0ff0 DR7=0000000000000400
CCS=0000000000000010 CCD=00000000000ffff8 CCO=EFLAGS
EFER=0000000000000d00
Servicing hardware INT=0x20
    80: v=20 e=0000 i=0 cpl=0 IP=0038:000000007fbfc19d pc=000000007fbfc19d SP=0030:000000007fbec190 env->regs[R_EAX]=0000000000000000
RAX=0000000000000000 RBX=0000000000000004 RCX=000000007f0a8340 RDX=000000000000001e
RSI=00000000ffffffff RDI=000000007fc08630 RBP=000000007fbec200 RSP=000000007fbec190
R8 =000000007fbec11c R9 =000000007fbec120 R10=0000000000000002 R11=000000000000003f
R12=000000007fc11d20 R13=000000000000001e R14=000000007f3fd5e0 R15=000000007fc11b40
RIP=000000007fbfc19d RFL=00000206 [-----P-] CPL=0 II=0 A20=1 SMM=0 HLT=0
ES =0030 0000000000000000 ffffffff 00cf9300 DPL=0 DS   [-WA]
CS =0038 0000000000000000 ffffffff 00af9a00 DPL=0 CS64 [-R-]
SS =0030 0000000000000000 ffffffff 00cf9300 DPL=0 DS   [-WA]
DS =0030 0000000000000000 ffffffff 00cf9300 DPL=0 DS   [-WA]
FS =0030 0000000000000000 ffffffff 00cf9300 DPL=0 DS   [-WA]
GS =0030 0000000000000000 ffffffff 00cf9300 DPL=0 DS   [-WA]
LDT=0000 0000000000000000 0000ffff 00008200 DPL=0 LDT
TR =0048 000000007fd2c058 00000067 00008900 DPL=0 TSS64-avl
GDT=     000000007fd2c000 00000057
IDT=     000000007bb8af58 00000fff
CR0=80010033 CR2=0000000000000000 CR3=000000007f401000 CR4=00000668
DR0=0000000000000000 DR1=0000000000000000 DR2=0000000000000000 DR3=0000000000000000 
DR6=00000000ffff0ff0 DR7=0000000000000400
CCS=0000000000000004 CCD=000000007fbec160 CCO=EFLAGS
EFER=0000000000000d00
Servicing hardware INT=0x20
    81: v=20 e=0000 i=0 cpl=0 IP=0038:000000007e0eedb0 pc=000000007e0eedb0 SP=0030:000000007fbec630 env->regs[R_EAX]=000000007dde1000
RAX=000000007dde1000 RBX=0000000000100000 RCX=0000000000000000 RDX=0000000000100000
RSI=0000000000000000 RDI=0000000000000008 RBP=000000007fbec630 RSP=000000007fbec630
R8 =0000000000000061 R9 =000000000000011d R10=0000000000000002 R11=0000000000000045
R12=0000000100000001 R13=000000007bb8c000 R14=000000007dde1000 R15=000000007e12a370
RIP=000000007e0eedb0 RFL=00000212 [----A--] CPL=0 II=0 A20=1 SMM=0 HLT=0
ES =0030 0000000000000000 ffffffff 00cf9300 DPL=0 DS   [-WA]
CS =0038 0000000000000000 ffffffff 00af9a00 DPL=0 CS64 [-R-]
SS =0030 0000000000000000 ffffffff 00cf9300 DPL=0 DS   [-WA]
DS =0030 0000000000000000 ffffffff 00cf9300 DPL=0 DS   [-WA]
FS =0030 0000000000000000 ffffffff 00cf9300 DPL=0 DS   [-WA]
GS =0030 0000000000000000 ffffffff 00cf9300 DPL=0 DS   [-WA]
LDT=0000 0000000000000000 0000ffff 00008200 DPL=0 LDT
TR =0048 000000007fd2c058 00000067 00008900 DPL=0 TSS64-avl
GDT=     000000007fd2c000 00000057
IDT=     000000007bb8af58 00000fff
CR0=80010033 CR2=0000000000000000 CR3=000000007f401000 CR4=00000668
DR0=0000000000000000 DR1=0000000000000000 DR2=0000000000000000 DR3=0000000000000000 
DR6=00000000ffff0ff0 DR7=0000000000000400
CCS=0000000000000010 CCD=00000000000ffff8 CCO=EFLAGS
EFER=0000000000000d00
Servicing hardware INT=0x20
    82: v=20 e=0000 i=0 cpl=0 IP=0038:000000007e0eedb0 pc=000000007e0eedb0 SP=0030:000000007fbec630 env->regs[R_EAX]=000000007dbe1000
RAX=000000007dbe1000 RBX=0000000000100000 RCX=0000000000000000 RDX=0000000000100000
RSI=0000000000000000 RDI=0000000000000008 RBP=000000007fbec630 RSP=000000007fbec630
R8 =0000000000000063 R9 =0000000000000123 R10=0000000000000002 R11=000000000000004b
R12=0000000100000001 R13=000000007bb8c000 R14=000000007dbe1000 R15=000000007e12a370
RIP=000000007e0eedb0 RFL=00000212 [----A--] CPL=0 II=0 A20=1 SMM=0 HLT=0
ES =0030 0000000000000000 ffffffff 00cf9300 DPL=0 DS   [-WA]
CS =0038 0000000000000000 ffffffff 00af9a00 DPL=0 CS64 [-R-]
SS =0030 0000000000000000 ffffffff 00cf9300 DPL=0 DS   [-WA]
DS =0030 0000000000000000 ffffffff 00cf9300 DPL=0 DS   [-WA]
FS =0030 0000000000000000 ffffffff 00cf9300 DPL=0 DS   [-WA]
GS =0030 0000000000000000 ffffffff 00cf9300 DPL=0 DS   [-WA]
LDT=0000 0000000000000000 0000ffff 00008200 DPL=0 LDT
TR =0048 000000007fd2c058 00000067 00008900 DPL=0 TSS64-avl
GDT=     000000007fd2c000 00000057
IDT=     000000007bb8af58 00000fff
CR0=80010033 CR2=0000000000000000 CR3=000000007f401000 CR4=00000668
DR0=0000000000000000 DR1=0000000000000000 DR2=0000000000000000 DR3=0000000000000000 
DR6=00000000ffff0ff0 DR7=0000000000000400
CCS=0000000000000010 CCD=00000000000ffff8 CCO=EFLAGS
EFER=0000000000000d00
Servicing hardware INT=0x20
    83: v=20 e=0000 i=0 cpl=0 IP=0038:000000007e0eedb0 pc=000000007e0eedb0 SP=0030:000000007fbec630 env->regs[R_EAX]=000000007dae1000
RAX=000000007dae1000 RBX=0000000000100000 RCX=0000000000000000 RDX=0000000000100000
RSI=0000000000000000 RDI=00000000000f76f0 RBP=000000007fbec630 RSP=000000007fbec630
R8 =0000000000000064 R9 =0000000000000126 R10=0000000000000002 R11=000000000000004e
R12=0000000100000001 R13=000000007bb8c000 R14=000000007dae1000 R15=000000007e12a370
RIP=000000007e0eedb0 RFL=00000202 [-------] CPL=0 II=0 A20=1 SMM=0 HLT=0
ES =0030 0000000000000000 ffffffff 00cf9300 DPL=0 DS   [-WA]
CS =0038 0000000000000000 ffffffff 00af9a00 DPL=0 CS64 [-R-]
SS =0030 0000000000000000 ffffffff 00cf9300 DPL=0 DS   [-WA]
DS =0030 0000000000000000 ffffffff 00cf9300 DPL=0 DS   [-WA]
FS =0030 0000000000000000 ffffffff 00cf9300 DPL=0 DS   [-WA]
GS =0030 0000000000000000 ffffffff 00cf9300 DPL=0 DS   [-WA]
LDT=0000 0000000000000000 0000ffff 00008200 DPL=0 LDT
TR =0048 000000007fd2c058 00000067 00008900 DPL=0 TSS64-avl
GDT=     000000007fd2c000 00000057
IDT=     000000007bb8af58 00000fff
CR0=80010033 CR2=0000000000000000 CR3=000000007f401000 CR4=00000668
DR0=0000000000000000 DR1=0000000000000000 DR2=0000000000000000 DR3=0000000000000000 
DR6=00000000ffff0ff0 DR7=0000000000000400
CCS=0000000000000000 CCD=0000000000008910 CCO=EFLAGS
EFER=0000000000000d00
Servicing hardware INT=0x20
    84: v=20 e=0000 i=0 cpl=0 IP=0038:000000007e0eedb0 pc=000000007e0eedb0 SP=0030:000000007fbec630 env->regs[R_EAX]=000000007d9e1000
RAX=000000007d9e1000 RBX=0000000000100000 RCX=0000000000000000 RDX=0000000000100000
RSI=0000000000000000 RDI=0000000000019098 RBP=000000007fbec630 RSP=000000007fbec630
R8 =0000000000000065 R9 =0000000000000129 R10=0000000000000002 R11=0000000000000051
R12=0000000100000001 R13=000000007bb8c000 R14=000000007d9e1000 R15=000000007e12a370
RIP=000000007e0eedb0 RFL=00000212 [----A--] CPL=0 II=0 A20=1 SMM=0 HLT=0
ES =0030 0000000000000000 ffffffff 00cf9300 DPL=0 DS   [-WA]
CS =0038 0000000000000000 ffffffff 00af9a00 DPL=0 CS64 [-R-]
SS =0030 0000000000000000 ffffffff 00cf9300 DPL=0 DS   [-WA]
DS =0030 0000000000000000 ffffffff 00cf9300 DPL=0 DS   [-WA]
FS =0030 0000000000000000 ffffffff 00cf9300 DPL=0 DS   [-WA]
GS =0030 0000000000000000 ffffffff 00cf9300 DPL=0 DS   [-WA]
LDT=0000 0000000000000000 0000ffff 00008200 DPL=0 LDT
TR =0048 000000007fd2c058 00000067 00008900 DPL=0 TSS64-avl
GDT=     000000007fd2c000 00000057
IDT=     000000007bb8af58 00000fff
CR0=80010033 CR2=0000000000000000 CR3=000000007f401000 CR4=00000668
DR0=0000000000000000 DR1=0000000000000000 DR2=0000000000000000 DR3=0000000000000000 
DR6=00000000ffff0ff0 DR7=0000000000000400
CCS=0000000000000010 CCD=00000000000e6f68 CCO=EFLAGS
EFER=0000000000000d00
Servicing hardware INT=0x20
    85: v=20 e=0000 i=0 cpl=0 IP=0038:000000007e0eedb0 pc=000000007e0eedb0 SP=0030:000000007fbec630 env->regs[R_EAX]=000000007d7e1000
RAX=000000007d7e1000 RBX=0000000000100000 RCX=0000000000000000 RDX=0000000000100000
RSI=0000000000000000 RDI=0000000000000008 RBP=000000007fbec630 RSP=000000007fbec630
R8 =0000000000000067 R9 =000000000000012f R10=0000000000000002 R11=0000000000000057
R12=0000000100000001 R13=000000007bb8c000 R14=000000007d7e1000 R15=000000007e12a370
RIP=000000007e0eedb0 RFL=00000212 [----A--] CPL=0 II=0 A20=1 SMM=0 HLT=0
ES =0030 0000000000000000 ffffffff 00cf9300 DPL=0 DS   [-WA]
CS =0038 0000000000000000 ffffffff 00af9a00 DPL=0 CS64 [-R-]
SS =0030 0000000000000000 ffffffff 00cf9300 DPL=0 DS   [-WA]
DS =0030 0000000000000000 ffffffff 00cf9300 DPL=0 DS   [-WA]
FS =0030 0000000000000000 ffffffff 00cf9300 DPL=0 DS   [-WA]
GS =0030 0000000000000000 ffffffff 00cf9300 DPL=0 DS   [-WA]
LDT=0000 0000000000000000 0000ffff 00008200 DPL=0 LDT
TR =0048 000000007fd2c058 00000067 00008900 DPL=0 TSS64-avl
GDT=     000000007fd2c000 00000057
IDT=     000000007bb8af58 00000fff
CR0=80010033 CR2=0000000000000000 CR3=000000007f401000 CR4=00000668
DR0=0000000000000000 DR1=0000000000000000 DR2=0000000000000000 DR3=0000000000000000 
DR6=00000000ffff0ff0 DR7=0000000000000400
CCS=0000000000000010 CCD=00000000000ffff8 CCO=EFLAGS
EFER=0000000000000d00
Servicing hardware INT=0x20
    86: v=20 e=0000 i=0 cpl=0 IP=0038:000000007e0eedb0 pc=000000007e0eedb0 SP=0030:000000007fbec630 env->regs[R_EAX]=000000007d5e1000
RAX=000000007d5e1000 RBX=0000000000100000 RCX=0000000000000000 RDX=0000000000100000
RSI=0000000000000000 RDI=0000000000000008 RBP=000000007fbec630 RSP=000000007fbec630
R8 =0000000000000069 R9 =0000000000000135 R10=0000000000000002 R11=000000000000005d
R12=0000000100000001 R13=000000007bb8c000 R14=000000007d5e1000 R15=000000007e12a370
RIP=000000007e0eedb0 RFL=00000212 [----A--] CPL=0 II=0 A20=1 SMM=0 HLT=0
ES =0030 0000000000000000 ffffffff 00cf9300 DPL=0 DS   [-WA]
CS =0038 0000000000000000 ffffffff 00af9a00 DPL=0 CS64 [-R-]
SS =0030 0000000000000000 ffffffff 00cf9300 DPL=0 DS   [-WA]
DS =0030 0000000000000000 ffffffff 00cf9300 DPL=0 DS   [-WA]
FS =0030 0000000000000000 ffffffff 00cf9300 DPL=0 DS   [-WA]
GS =0030 0000000000000000 ffffffff 00cf9300 DPL=0 DS   [-WA]
LDT=0000 0000000000000000 0000ffff 00008200 DPL=0 LDT
TR =0048 000000007fd2c058 00000067 00008900 DPL=0 TSS64-avl
GDT=     000000007fd2c000 00000057
IDT=     000000007bb8af58 00000fff
CR0=80010033 CR2=0000000000000000 CR3=000000007f401000 CR4=00000668
DR0=0000000000000000 DR1=0000000000000000 DR2=0000000000000000 DR3=0000000000000000 
DR6=00000000ffff0ff0 DR7=0000000000000400
CCS=0000000000000010 CCD=00000000000ffff8 CCO=EFLAGS
EFER=0000000000000d00
Servicing hardware INT=0x20
    87: v=20 e=0000 i=0 cpl=0 IP=0038:000000007e0eedb0 pc=000000007e0eedb0 SP=0030:000000007fbec630 env->regs[R_EAX]=000000007d3e1000
RAX=000000007d3e1000 RBX=0000000000100000 RCX=0000000000000000 RDX=0000000000100000
RSI=0000000000000000 RDI=0000000000000008 RBP=000000007fbec630 RSP=000000007fbec630
R8 =000000000000006b R9 =000000000000013b R10=0000000000000002 R11=0000000000000063
R12=0000000100000001 R13=000000007bb8c000 R14=000000007d3e1000 R15=000000007e12a370
RIP=000000007e0eedb0 RFL=00000212 [----A--] CPL=0 II=0 A20=1 SMM=0 HLT=0
ES =0030 0000000000000000 ffffffff 00cf9300 DPL=0 DS   [-WA]
CS =0038 0000000000000000 ffffffff 00af9a00 DPL=0 CS64 [-R-]
SS =0030 0000000000000000 ffffffff 00cf9300 DPL=0 DS   [-WA]
DS =0030 0000000000000000 ffffffff 00cf9300 DPL=0 DS   [-WA]
FS =0030 0000000000000000 ffffffff 00cf9300 DPL=0 DS   [-WA]
GS =0030 0000000000000000 ffffffff 00cf9300 DPL=0 DS   [-WA]
LDT=0000 0000000000000000 0000ffff 00008200 DPL=0 LDT
TR =0048 000000007fd2c058 00000067 00008900 DPL=0 TSS64-avl
GDT=     000000007fd2c000 00000057
IDT=     000000007bb8af58 00000fff
CR0=80010033 CR2=0000000000000000 CR3=000000007f401000 CR4=00000668
DR0=0000000000000000 DR1=0000000000000000 DR2=0000000000000000 DR3=0000000000000000 
DR6=00000000ffff0ff0 DR7=0000000000000400
CCS=0000000000000010 CCD=00000000000ffff8 CCO=EFLAGS
EFER=0000000000000d00
Servicing hardware INT=0x20
    88: v=20 e=0000 i=0 cpl=0 IP=0038:000000007e0eedb0 pc=000000007e0eedb0 SP=0030:000000007fbec630 env->regs[R_EAX]=000000007d3e1000
RAX=000000007d3e1000 RBX=0000000000100000 RCX=0000000000000000 RDX=0000000000100000
RSI=0000000000000000 RDI=0000000000003ee0 RBP=000000007fbec630 RSP=000000007fbec630
R8 =000000000000006b R9 =000000000000013b R10=0000000000000002 R11=0000000000000063
R12=0000000100000001 R13=000000007bb8c000 R14=000000007d3e1000 R15=000000007e12a370
RIP=000000007e0eedb0 RFL=00000202 [-------] CPL=0 II=0 A20=1 SMM=0 HLT=0
ES =0030 0000000000000000 ffffffff 00cf9300 DPL=0 DS   [-WA]
CS =0038 0000000000000000 ffffffff 00af9a00 DPL=0 CS64 [-R-]
SS =0030 0000000000000000 ffffffff 00cf9300 DPL=0 DS   [-WA]
DS =0030 0000000000000000 ffffffff 00cf9300 DPL=0 DS   [-WA]
FS =0030 0000000000000000 ffffffff 00cf9300 DPL=0 DS   [-WA]
GS =0030 0000000000000000 ffffffff 00cf9300 DPL=0 DS   [-WA]
LDT=0000 0000000000000000 0000ffff 00008200 DPL=0 LDT
TR =0048 000000007fd2c058 00000067 00008900 DPL=0 TSS64-avl
GDT=     000000007fd2c000 00000057
IDT=     000000007bb8af58 00000fff
CR0=80010033 CR2=0000000000000000 CR3=000000007f401000 CR4=00000668
DR0=0000000000000000 DR1=0000000000000000 DR2=0000000000000000 DR3=0000000000000000 
DR6=00000000ffff0ff0 DR7=0000000000000400
CCS=0000000000000000 CCD=00000000000fc120 CCO=EFLAGS
EFER=0000000000000d00
Servicing hardware INT=0x20
    89: v=20 e=0000 i=0 cpl=0 IP=0038:000000007e0eedb0 pc=000000007e0eedb0 SP=0030:000000007fbec630 env->regs[R_EAX]=000000007d1e1000
RAX=000000007d1e1000 RBX=0000000000100000 RCX=0000000000000000 RDX=0000000000100000
RSI=0000000000000000 RDI=0000000000000008 RBP=000000007fbec630 RSP=000000007fbec630
R8 =000000000000006d R9 =0000000000000141 R10=0000000000000002 R11=0000000000000069
R12=0000000100000001 R13=000000007bb8c000 R14=000000007d1e1000 R15=000000007e12a370
RIP=000000007e0eedb0 RFL=00000212 [----A--] CPL=0 II=0 A20=1 SMM=0 HLT=0
ES =0030 0000000000000000 ffffffff 00cf9300 DPL=0 DS   [-WA]
CS =0038 0000000000000000 ffffffff 00af9a00 DPL=0 CS64 [-R-]
SS =0030 0000000000000000 ffffffff 00cf9300 DPL=0 DS   [-WA]
DS =0030 0000000000000000 ffffffff 00cf9300 DPL=0 DS   [-WA]
FS =0030 0000000000000000 ffffffff 00cf9300 DPL=0 DS   [-WA]
GS =0030 0000000000000000 ffffffff 00cf9300 DPL=0 DS   [-WA]
LDT=0000 0000000000000000 0000ffff 00008200 DPL=0 LDT
TR =0048 000000007fd2c058 00000067 00008900 DPL=0 TSS64-avl
GDT=     000000007fd2c000 00000057
IDT=     000000007bb8af58 00000fff
CR0=80010033 CR2=0000000000000000 CR3=000000007f401000 CR4=00000668
DR0=0000000000000000 DR1=0000000000000000 DR2=0000000000000000 DR3=0000000000000000 
DR6=00000000ffff0ff0 DR7=0000000000000400
CCS=0000000000000010 CCD=00000000000ffff8 CCO=EFLAGS
EFER=0000000000000d00
Servicing hardware INT=0x20
    90: v=20 e=0000 i=0 cpl=0 IP=0038:000000007e0eedb0 pc=000000007e0eedb0 SP=0030:000000007fbec630 env->regs[R_EAX]=000000007cfe1000
RAX=000000007cfe1000 RBX=0000000000100000 RCX=0000000000000000 RDX=0000000000100000
RSI=0000000000000000 RDI=000000000001a848 RBP=000000007fbec630 RSP=000000007fbec630
R8 =000000000000006f R9 =0000000000000147 R10=0000000000000002 R11=000000000000006f
R12=0000000100000001 R13=000000007bb8c000 R14=000000007cfe1000 R15=000000007e12a370
RIP=000000007e0eedb0 RFL=00000216 [----AP-] CPL=0 II=0 A20=1 SMM=0 HLT=0
ES =0030 0000000000000000 ffffffff 00cf9300 DPL=0 DS   [-WA]
CS =0038 0000000000000000 ffffffff 00af9a00 DPL=0 CS64 [-R-]
SS =0030 0000000000000000 ffffffff 00cf9300 DPL=0 DS   [-WA]
DS =0030 0000000000000000 ffffffff 00cf9300 DPL=0 DS   [-WA]
FS =0030 0000000000000000 ffffffff 00cf9300 DPL=0 DS   [-WA]
GS =0030 0000000000000000 ffffffff 00cf9300 DPL=0 DS   [-WA]
LDT=0000 0000000000000000 0000ffff 00008200 DPL=0 LDT
TR =0048 000000007fd2c058 00000067 00008900 DPL=0 TSS64-avl
GDT=     000000007fd2c000 00000057
IDT=     000000007bb8af58 00000fff
CR0=80010033 CR2=0000000000000000 CR3=000000007f401000 CR4=00000668
DR0=0000000000000000 DR1=0000000000000000 DR2=0000000000000000 DR3=0000000000000000 
DR6=00000000ffff0ff0 DR7=0000000000000400
CCS=0000000000000014 CCD=00000000000e57b8 CCO=EFLAGS
EFER=0000000000000d00
Servicing hardware INT=0x20
    91: v=20 e=0000 i=0 cpl=0 IP=0038:000000007e0eedb0 pc=000000007e0eedb0 SP=0030:000000007fbec630 env->regs[R_EAX]=000000007cde1000
RAX=000000007cde1000 RBX=0000000000100000 RCX=0000000000000000 RDX=0000000000100000
RSI=0000000000000000 RDI=0000000000000008 RBP=000000007fbec630 RSP=000000007fbec630
R8 =0000000000000071 R9 =000000000000014d R10=0000000000000002 R11=0000000000000075
R12=0000000100000001 R13=000000007bb8c000 R14=000000007cde1000 R15=000000007e12a370
RIP=000000007e0eedb0 RFL=00000212 [----A--] CPL=0 II=0 A20=1 SMM=0 HLT=0
ES =0030 0000000000000000 ffffffff 00cf9300 DPL=0 DS   [-WA]
CS =0038 0000000000000000 ffffffff 00af9a00 DPL=0 CS64 [-R-]
SS =0030 0000000000000000 ffffffff 00cf9300 DPL=0 DS   [-WA]
DS =0030 0000000000000000 ffffffff 00cf9300 DPL=0 DS   [-WA]
FS =0030 0000000000000000 ffffffff 00cf9300 DPL=0 DS   [-WA]
GS =0030 0000000000000000 ffffffff 00cf9300 DPL=0 DS   [-WA]
LDT=0000 0000000000000000 0000ffff 00008200 DPL=0 LDT
TR =0048 000000007fd2c058 00000067 00008900 DPL=0 TSS64-avl
GDT=     000000007fd2c000 00000057
IDT=     000000007bb8af58 00000fff
CR0=80010033 CR2=0000000000000000 CR3=000000007f401000 CR4=00000668
DR0=0000000000000000 DR1=0000000000000000 DR2=0000000000000000 DR3=0000000000000000 
DR6=00000000ffff0ff0 DR7=0000000000000400
CCS=0000000000000010 CCD=00000000000ffff8 CCO=EFLAGS
EFER=0000000000000d00
Servicing hardware INT=0x20
    92: v=20 e=0000 i=0 cpl=0 IP=0038:000000007e0eedb0 pc=000000007e0eedb0 SP=0030:000000007fbec630 env->regs[R_EAX]=000000007cde1000
RAX=000000007cde1000 RBX=0000000000100000 RCX=0000000000000000 RDX=0000000000100000
RSI=0000000000000000 RDI=0000000000012188 RBP=000000007fbec630 RSP=000000007fbec630
R8 =0000000000000071 R9 =000000000000014d R10=0000000000000002 R11=0000000000000075
R12=0000000100000001 R13=000000007bb8c000 R14=000000007cde1000 R15=000000007e12a370
RIP=000000007e0eedb0 RFL=00000216 [----AP-] CPL=0 II=0 A20=1 SMM=0 HLT=0
ES =0030 0000000000000000 ffffffff 00cf9300 DPL=0 DS   [-WA]
CS =0038 0000000000000000 ffffffff 00af9a00 DPL=0 CS64 [-R-]
SS =0030 0000000000000000 ffffffff 00cf9300 DPL=0 DS   [-WA]
DS =0030 0000000000000000 ffffffff 00cf9300 DPL=0 DS   [-WA]
FS =0030 0000000000000000 ffffffff 00cf9300 DPL=0 DS   [-WA]
GS =0030 0000000000000000 ffffffff 00cf9300 DPL=0 DS   [-WA]
LDT=0000 0000000000000000 0000ffff 00008200 DPL=0 LDT
TR =0048 000000007fd2c058 00000067 00008900 DPL=0 TSS64-avl
GDT=     000000007fd2c000 00000057
IDT=     000000007bb8af58 00000fff
CR0=80010033 CR2=0000000000000000 CR3=000000007f401000 CR4=00000668
DR0=0000000000000000 DR1=0000000000000000 DR2=0000000000000000 DR3=0000000000000000 
DR6=00000000ffff0ff0 DR7=0000000000000400
CCS=0000000000000014 CCD=00000000000ede78 CCO=EFLAGS
EFER=0000000000000d00
Servicing hardware INT=0x20
    93: v=20 e=0000 i=0 cpl=0 IP=0038:000000007e0eedb0 pc=000000007e0eedb0 SP=0030:000000007fbec630 env->regs[R_EAX]=000000007cbe1000
RAX=000000007cbe1000 RBX=0000000000100000 RCX=0000000000000000 RDX=0000000000100000
RSI=0000000000000000 RDI=0000000000000008 RBP=000000007fbec630 RSP=000000007fbec630
R8 =0000000000000073 R9 =0000000000000153 R10=0000000000000002 R11=000000000000007b
R12=0000000100000001 R13=000000007bb8c000 R14=000000007cbe1000 R15=000000007e12a370
RIP=000000007e0eedb0 RFL=00000212 [----A--] CPL=0 II=0 A20=1 SMM=0 HLT=0
ES =0030 0000000000000000 ffffffff 00cf9300 DPL=0 DS   [-WA]
CS =0038 0000000000000000 ffffffff 00af9a00 DPL=0 CS64 [-R-]
SS =0030 0000000000000000 ffffffff 00cf9300 DPL=0 DS   [-WA]
DS =0030 0000000000000000 ffffffff 00cf9300 DPL=0 DS   [-WA]
FS =0030 0000000000000000 ffffffff 00cf9300 DPL=0 DS   [-WA]
GS =0030 0000000000000000 ffffffff 00cf9300 DPL=0 DS   [-WA]
LDT=0000 0000000000000000 0000ffff 00008200 DPL=0 LDT
TR =0048 000000007fd2c058 00000067 00008900 DPL=0 TSS64-avl
GDT=     000000007fd2c000 00000057
IDT=     000000007bb8af58 00000fff
CR0=80010033 CR2=0000000000000000 CR3=000000007f401000 CR4=00000668
DR0=0000000000000000 DR1=0000000000000000 DR2=0000000000000000 DR3=0000000000000000 
DR6=00000000ffff0ff0 DR7=0000000000000400
CCS=0000000000000010 CCD=00000000000ffff8 CCO=EFLAGS
EFER=0000000000000d00
Servicing hardware INT=0x20
    94: v=20 e=0000 i=0 cpl=0 IP=0038:000000007e0eedb0 pc=000000007e0eedb0 SP=0030:000000007fbec630 env->regs[R_EAX]=000000007c9e1000
RAX=000000007c9e1000 RBX=0000000000100000 RCX=0000000000000000 RDX=0000000000100000
RSI=0000000000000000 RDI=0000000000029138 RBP=000000007fbec630 RSP=000000007fbec630
R8 =0000000000000075 R9 =0000000000000159 R10=0000000000000002 R11=0000000000000081
R12=0000000100000001 R13=000000007bb8c000 R14=000000007c9e1000 R15=000000007e12a370
RIP=000000007e0eedb0 RFL=00000212 [----A--] CPL=0 II=0 A20=1 SMM=0 HLT=0
ES =0030 0000000000000000 ffffffff 00cf9300 DPL=0 DS   [-WA]
CS =0038 0000000000000000 ffffffff 00af9a00 DPL=0 CS64 [-R-]
SS =0030 0000000000000000 ffffffff 00cf9300 DPL=0 DS   [-WA]
DS =0030 0000000000000000 ffffffff 00cf9300 DPL=0 DS   [-WA]
FS =0030 0000000000000000 ffffffff 00cf9300 DPL=0 DS   [-WA]
GS =0030 0000000000000000 ffffffff 00cf9300 DPL=0 DS   [-WA]
LDT=0000 0000000000000000 0000ffff 00008200 DPL=0 LDT
TR =0048 000000007fd2c058 00000067 00008900 DPL=0 TSS64-avl
GDT=     000000007fd2c000 00000057
IDT=     000000007bb8af58 00000fff
CR0=80010033 CR2=0000000000000000 CR3=000000007f401000 CR4=00000668
DR0=0000000000000000 DR1=0000000000000000 DR2=0000000000000000 DR3=0000000000000000 
DR6=00000000ffff0ff0 DR7=0000000000000400
CCS=0000000000000010 CCD=00000000000d6ec8 CCO=EFLAGS
EFER=0000000000000d00
Servicing hardware INT=0x20
    95: v=20 e=0000 i=0 cpl=0 IP=0038:000000007e0eedb0 pc=000000007e0eedb0 SP=0030:000000007fbec630 env->regs[R_EAX]=000000007c7e1000
RAX=000000007c7e1000 RBX=0000000000100000 RCX=0000000000000000 RDX=0000000000100000
RSI=0000000000000000 RDI=0000000000000008 RBP=000000007fbec630 RSP=000000007fbec630
R8 =0000000000000077 R9 =000000000000015f R10=0000000000000002 R11=0000000000000087
R12=0000000100000001 R13=000000007bb8c000 R14=000000007c7e1000 R15=000000007e12a370
RIP=000000007e0eedb0 RFL=00000212 [----A--] CPL=0 II=0 A20=1 SMM=0 HLT=0
ES =0030 0000000000000000 ffffffff 00cf9300 DPL=0 DS   [-WA]
CS =0038 0000000000000000 ffffffff 00af9a00 DPL=0 CS64 [-R-]
SS =0030 0000000000000000 ffffffff 00cf9300 DPL=0 DS   [-WA]
DS =0030 0000000000000000 ffffffff 00cf9300 DPL=0 DS   [-WA]
FS =0030 0000000000000000 ffffffff 00cf9300 DPL=0 DS   [-WA]
GS =0030 0000000000000000 ffffffff 00cf9300 DPL=0 DS   [-WA]
LDT=0000 0000000000000000 0000ffff 00008200 DPL=0 LDT
TR =0048 000000007fd2c058 00000067 00008900 DPL=0 TSS64-avl
GDT=     000000007fd2c000 00000057
IDT=     000000007bb8af58 00000fff
CR0=80010033 CR2=0000000000000000 CR3=000000007f401000 CR4=00000668
DR0=0000000000000000 DR1=0000000000000000 DR2=0000000000000000 DR3=0000000000000000 
DR6=00000000ffff0ff0 DR7=0000000000000400
CCS=0000000000000010 CCD=00000000000ffff8 CCO=EFLAGS
EFER=0000000000000d00
Servicing hardware INT=0x20
    96: v=20 e=0000 i=0 cpl=0 IP=0038:000000007e0eedb0 pc=000000007e0eedb0 SP=0030:000000007fbec630 env->regs[R_EAX]=000000007c7e1000
RAX=000000007c7e1000 RBX=0000000000100000 RCX=0000000000000000 RDX=0000000000100000
RSI=0000000000000000 RDI=00000000000aa968 RBP=000000007fbec630 RSP=000000007fbec630
R8 =0000000000000077 R9 =000000000000015f R10=0000000000000002 R11=0000000000000087
R12=0000000100000001 R13=000000007bb8c000 R14=000000007c7e1000 R15=000000007e12a370
RIP=000000007e0eedb0 RFL=00000212 [----A--] CPL=0 II=0 A20=1 SMM=0 HLT=0
ES =0030 0000000000000000 ffffffff 00cf9300 DPL=0 DS   [-WA]
CS =0038 0000000000000000 ffffffff 00af9a00 DPL=0 CS64 [-R-]
SS =0030 0000000000000000 ffffffff 00cf9300 DPL=0 DS   [-WA]
DS =0030 0000000000000000 ffffffff 00cf9300 DPL=0 DS   [-WA]
FS =0030 0000000000000000 ffffffff 00cf9300 DPL=0 DS   [-WA]
GS =0030 0000000000000000 ffffffff 00cf9300 DPL=0 DS   [-WA]
LDT=0000 0000000000000000 0000ffff 00008200 DPL=0 LDT
TR =0048 000000007fd2c058 00000067 00008900 DPL=0 TSS64-avl
GDT=     000000007fd2c000 00000057
IDT=     000000007bb8af58 00000fff
CR0=80010033 CR2=0000000000000000 CR3=000000007f401000 CR4=00000668
DR0=0000000000000000 DR1=0000000000000000 DR2=0000000000000000 DR3=0000000000000000 
DR6=00000000ffff0ff0 DR7=0000000000000400
CCS=0000000000000010 CCD=0000000000055698 CCO=EFLAGS
EFER=0000000000000d00
Servicing hardware INT=0x20
    97: v=20 e=0000 i=0 cpl=0 IP=0038:000000007e0eedb0 pc=000000007e0eedb0 SP=0030:000000007fbec630 env->regs[R_EAX]=000000007c5e1000
RAX=000000007c5e1000 RBX=0000000000100000 RCX=0000000000000000 RDX=0000000000100000
RSI=0000000000000000 RDI=00000000000101a8 RBP=000000007fbec630 RSP=000000007fbec630
R8 =0000000000000079 R9 =0000000000000165 R10=0000000000000002 R11=000000000000008d
R12=0000000100000001 R13=000000007bb8c000 R14=000000007c5e1000 R15=000000007e12a370
RIP=000000007e0eedb0 RFL=00000212 [----A--] CPL=0 II=0 A20=1 SMM=0 HLT=0
ES =0030 0000000000000000 ffffffff 00cf9300 DPL=0 DS   [-WA]
CS =0038 0000000000000000 ffffffff 00af9a00 DPL=0 CS64 [-R-]
SS =0030 0000000000000000 ffffffff 00cf9300 DPL=0 DS   [-WA]
DS =0030 0000000000000000 ffffffff 00cf9300 DPL=0 DS   [-WA]
FS =0030 0000000000000000 ffffffff 00cf9300 DPL=0 DS   [-WA]
GS =0030 0000000000000000 ffffffff 00cf9300 DPL=0 DS   [-WA]
LDT=0000 0000000000000000 0000ffff 00008200 DPL=0 LDT
TR =0048 000000007fd2c058 00000067 00008900 DPL=0 TSS64-avl
GDT=     000000007fd2c000 00000057
IDT=     000000007bb8af58 00000fff
CR0=80010033 CR2=0000000000000000 CR3=000000007f401000 CR4=00000668
DR0=0000000000000000 DR1=0000000000000000 DR2=0000000000000000 DR3=0000000000000000 
DR6=00000000ffff0ff0 DR7=0000000000000400
CCS=0000000000000010 CCD=00000000000efe58 CCO=EFLAGS
EFER=0000000000000d00
Servicing hardware INT=0x20
    98: v=20 e=0000 i=0 cpl=0 IP=0038:000000007e0eedb0 pc=000000007e0eedb0 SP=0030:000000007fbec630 env->regs[R_EAX]=000000007c3e1000
RAX=000000007c3e1000 RBX=0000000000100000 RCX=0000000000000000 RDX=0000000000100000
RSI=0000000000000000 RDI=0000000000000008 RBP=000000007fbec630 RSP=000000007fbec630
R8 =000000000000007b R9 =000000000000016b R10=0000000000000002 R11=0000000000000093
R12=0000000100000001 R13=000000007bb8c000 R14=000000007c3e1000 R15=000000007e12a370
RIP=000000007e0eedb0 RFL=00000212 [----A--] CPL=0 II=0 A20=1 SMM=0 HLT=0
ES =0030 0000000000000000 ffffffff 00cf9300 DPL=0 DS   [-WA]
CS =0038 0000000000000000 ffffffff 00af9a00 DPL=0 CS64 [-R-]
SS =0030 0000000000000000 ffffffff 00cf9300 DPL=0 DS   [-WA]
DS =0030 0000000000000000 ffffffff 00cf9300 DPL=0 DS   [-WA]
FS =0030 0000000000000000 ffffffff 00cf9300 DPL=0 DS   [-WA]
GS =0030 0000000000000000 ffffffff 00cf9300 DPL=0 DS   [-WA]
LDT=0000 0000000000000000 0000ffff 00008200 DPL=0 LDT
TR =0048 000000007fd2c058 00000067 00008900 DPL=0 TSS64-avl
GDT=     000000007fd2c000 00000057
IDT=     000000007bb8af58 00000fff
CR0=80010033 CR2=0000000000000000 CR3=000000007f401000 CR4=00000668
DR0=0000000000000000 DR1=0000000000000000 DR2=0000000000000000 DR3=0000000000000000 
DR6=00000000ffff0ff0 DR7=0000000000000400
CCS=0000000000000010 CCD=00000000000ffff8 CCO=EFLAGS
EFER=0000000000000d00
Servicing hardware INT=0x20
    99: v=20 e=0000 i=0 cpl=0 IP=0038:000000007e0eedb0 pc=000000007e0eedb0 SP=0030:000000007fbec630 env->regs[R_EAX]=000000007c1e1000
RAX=000000007c1e1000 RBX=0000000000100000 RCX=0000000000000000 RDX=0000000000100000
RSI=0000000000000000 RDI=0000000000000008 RBP=000000007fbec630 RSP=000000007fbec630
R8 =000000000000007d R9 =0000000000000171 R10=0000000000000002 R11=0000000000000099
R12=0000000100000001 R13=000000007bb8c000 R14=000000007c1e1000 R15=000000007e12a370
RIP=000000007e0eedb0 RFL=00000212 [----A--] CPL=0 II=0 A20=1 SMM=0 HLT=0
ES =0030 0000000000000000 ffffffff 00cf9300 DPL=0 DS   [-WA]
CS =0038 0000000000000000 ffffffff 00af9a00 DPL=0 CS64 [-R-]
SS =0030 0000000000000000 ffffffff 00cf9300 DPL=0 DS   [-WA]
DS =0030 0000000000000000 ffffffff 00cf9300 DPL=0 DS   [-WA]
FS =0030 0000000000000000 ffffffff 00cf9300 DPL=0 DS   [-WA]
GS =0030 0000000000000000 ffffffff 00cf9300 DPL=0 DS   [-WA]
LDT=0000 0000000000000000 0000ffff 00008200 DPL=0 LDT
TR =0048 000000007fd2c058 00000067 00008900 DPL=0 TSS64-avl
GDT=     000000007fd2c000 00000057
IDT=     000000007bb8af58 00000fff
CR0=80010033 CR2=0000000000000000 CR3=000000007f401000 CR4=00000668
DR0=0000000000000000 DR1=0000000000000000 DR2=0000000000000000 DR3=0000000000000000 
DR6=00000000ffff0ff0 DR7=0000000000000400
CCS=0000000000000010 CCD=00000000000ffff8 CCO=EFLAGS
EFER=0000000000000d00
Servicing hardware INT=0x20
   100: v=20 e=0000 i=0 cpl=0 IP=0038:000000007e0eedb0 pc=000000007e0eedb0 SP=0030:000000007fbec630 env->regs[R_EAX]=000000007c0e1000
RAX=000000007c0e1000 RBX=0000000000100000 RCX=0000000000000000 RDX=0000000000100000
RSI=0000000000000000 RDI=000000000004e920 RBP=000000007fbec630 RSP=000000007fbec630
R8 =000000000000007e R9 =0000000000000174 R10=0000000000000002 R11=000000000000009c
R12=0000000100000001 R13=000000007bb8c000 R14=000000007c0e1000 R15=000000007e12a370
RIP=000000007e0eedb0 RFL=00000202 [-------] CPL=0 II=0 A20=1 SMM=0 HLT=0
ES =0030 0000000000000000 ffffffff 00cf9300 DPL=0 DS   [-WA]
CS =0038 0000000000000000 ffffffff 00af9a00 DPL=0 CS64 [-R-]
SS =0030 0000000000000000 ffffffff 00cf9300 DPL=0 DS   [-WA]
DS =0030 0000000000000000 ffffffff 00cf9300 DPL=0 DS   [-WA]
FS =0030 0000000000000000 ffffffff 00cf9300 DPL=0 DS   [-WA]
GS =0030 0000000000000000 ffffffff 00cf9300 DPL=0 DS   [-WA]
LDT=0000 0000000000000000 0000ffff 00008200 DPL=0 LDT
TR =0048 000000007fd2c058 00000067 00008900 DPL=0 TSS64-avl
GDT=     000000007fd2c000 00000057
IDT=     000000007bb8af58 00000fff
CR0=80010033 CR2=0000000000000000 CR3=000000007f401000 CR4=00000668
DR0=0000000000000000 DR1=0000000000000000 DR2=0000000000000000 DR3=0000000000000000 
DR6=00000000ffff0ff0 DR7=0000000000000400
CCS=0000000000000000 CCD=00000000000b16e0 CCO=EFLAGS
EFER=0000000000000d00
Servicing hardware INT=0x20
   101: v=20 e=0000 i=0 cpl=0 IP=0038:000000007e0eedb0 pc=000000007e0eedb0 SP=0030:000000007fbec630 env->regs[R_EAX]=000000007bfe1000
RAX=000000007bfe1000 RBX=0000000000100000 RCX=0000000000000000 RDX=0000000000100000
RSI=0000000000000000 RDI=0000000000022d28 RBP=000000007fbec630 RSP=000000007fbec630
R8 =000000000000007f R9 =0000000000000177 R10=0000000000000002 R11=000000000000009f
R12=0000000100000001 R13=000000007bb8c000 R14=000000007bfe1000 R15=000000007e12a370
RIP=000000007e0eedb0 RFL=00000216 [----AP-] CPL=0 II=0 A20=1 SMM=0 HLT=0
ES =0030 0000000000000000 ffffffff 00cf9300 DPL=0 DS   [-WA]
CS =0038 0000000000000000 ffffffff 00af9a00 DPL=0 CS64 [-R-]
SS =0030 0000000000000000 ffffffff 00cf9300 DPL=0 DS   [-WA]
DS =0030 0000000000000000 ffffffff 00cf9300 DPL=0 DS   [-WA]
FS =0030 0000000000000000 ffffffff 00cf9300 DPL=0 DS   [-WA]
GS =0030 0000000000000000 ffffffff 00cf9300 DPL=0 DS   [-WA]
LDT=0000 0000000000000000 0000ffff 00008200 DPL=0 LDT
TR =0048 000000007fd2c058 00000067 00008900 DPL=0 TSS64-avl
GDT=     000000007fd2c000 00000057
IDT=     000000007bb8af58 00000fff
CR0=80010033 CR2=0000000000000000 CR3=000000007f401000 CR4=00000668
DR0=0000000000000000 DR1=0000000000000000 DR2=0000000000000000 DR3=0000000000000000 
DR6=00000000ffff0ff0 DR7=0000000000000400
CCS=0000000000000014 CCD=00000000000dd2d8 CCO=EFLAGS
EFER=0000000000000d00
Servicing hardware INT=0x20
   102: v=20 e=0000 i=0 cpl=0 IP=0038:000000007e0eedb0 pc=000000007e0eedb0 SP=0030:000000007fbec630 env->regs[R_EAX]=000000007bde1000
RAX=000000007bde1000 RBX=0000000000100000 RCX=0000000000000000 RDX=0000000000100000
RSI=0000000000000000 RDI=0000000000000008 RBP=000000007fbec630 RSP=000000007fbec630
R8 =0000000000000081 R9 =000000000000017d R10=0000000000000002 R11=00000000000000a5
R12=0000000100000001 R13=000000007bb8c000 R14=000000007bde1000 R15=000000007e12a370
RIP=000000007e0eedb0 RFL=00000212 [----A--] CPL=0 II=0 A20=1 SMM=0 HLT=0
ES =0030 0000000000000000 ffffffff 00cf9300 DPL=0 DS   [-WA]
CS =0038 0000000000000000 ffffffff 00af9a00 DPL=0 CS64 [-R-]
SS =0030 0000000000000000 ffffffff 00cf9300 DPL=0 DS   [-WA]
DS =0030 0000000000000000 ffffffff 00cf9300 DPL=0 DS   [-WA]
FS =0030 0000000000000000 ffffffff 00cf9300 DPL=0 DS   [-WA]
GS =0030 0000000000000000 ffffffff 00cf9300 DPL=0 DS   [-WA]
LDT=0000 0000000000000000 0000ffff 00008200 DPL=0 LDT
TR =0048 000000007fd2c058 00000067 00008900 DPL=0 TSS64-avl
GDT=     000000007fd2c000 00000057
IDT=     000000007bb8af58 00000fff
CR0=80010033 CR2=0000000000000000 CR3=000000007f401000 CR4=00000668
DR0=0000000000000000 DR1=0000000000000000 DR2=0000000000000000 DR3=0000000000000000 
DR6=00000000ffff0ff0 DR7=0000000000000400
CCS=0000000000000010 CCD=00000000000ffff8 CCO=EFLAGS
EFER=0000000000000d00
Servicing hardware INT=0x20
   103: v=20 e=0000 i=0 cpl=0 IP=0038:000000007e0eedb0 pc=000000007e0eedb0 SP=0030:000000007fbec630 env->regs[R_EAX]=000000007b96c000
RAX=000000007b96c000 RBX=0000000000100000 RCX=0000000000000000 RDX=0000000000100000
RSI=0000000000000000 RDI=0000000000000008 RBP=000000007fbec630 RSP=000000007fbec630
R8 =0000000000000085 R9 =0000000000000189 R10=0000000000000002 R11=00000000000000b1
R12=0000000100000001 R13=0000000001780000 R14=000000007b96c000 R15=000000007e12a370
RIP=000000007e0eedb0 RFL=00000212 [----A--] CPL=0 II=0 A20=1 SMM=0 HLT=0
ES =0030 0000000000000000 ffffffff 00cf9300 DPL=0 DS   [-WA]
CS =0038 0000000000000000 ffffffff 00af9a00 DPL=0 CS64 [-R-]
SS =0030 0000000000000000 ffffffff 00cf9300 DPL=0 DS   [-WA]
DS =0030 0000000000000000 ffffffff 00cf9300 DPL=0 DS   [-WA]
FS =0030 0000000000000000 ffffffff 00cf9300 DPL=0 DS   [-WA]
GS =0030 0000000000000000 ffffffff 00cf9300 DPL=0 DS   [-WA]
LDT=0000 0000000000000000 0000ffff 00008200 DPL=0 LDT
TR =0048 000000007fd2c058 00000067 00008900 DPL=0 TSS64-avl
GDT=     000000007fd2c000 00000057
IDT=     000000007bb8af58 00000fff
CR0=80010033 CR2=0000000000000000 CR3=000000007f401000 CR4=00000668
DR0=0000000000000000 DR1=0000000000000000 DR2=0000000000000000 DR3=0000000000000000 
DR6=00000000ffff0ff0 DR7=0000000000000400
CCS=0000000000000010 CCD=00000000000ffff8 CCO=EFLAGS
EFER=0000000000000d00
Servicing hardware INT=0x20
   104: v=20 e=0000 i=0 cpl=0 IP=0038:000000007e0eedb0 pc=000000007e0eedb0 SP=0030:000000007fbec630 env->regs[R_EAX]=000000007b86c000
RAX=000000007b86c000 RBX=0000000000100000 RCX=0000000000000000 RDX=0000000000100000
RSI=0000000000000000 RDI=00000000000946d8 RBP=000000007fbec630 RSP=000000007fbec630
R8 =0000000000000086 R9 =000000000000018c R10=0000000000000002 R11=00000000000000b4
R12=0000000100000001 R13=0000000001780000 R14=000000007b86c000 R15=000000007e12a370
RIP=000000007e0eedb0 RFL=00000216 [----AP-] CPL=0 II=0 A20=1 SMM=0 HLT=0
ES =0030 0000000000000000 ffffffff 00cf9300 DPL=0 DS   [-WA]
CS =0038 0000000000000000 ffffffff 00af9a00 DPL=0 CS64 [-R-]
SS =0030 0000000000000000 ffffffff 00cf9300 DPL=0 DS   [-WA]
DS =0030 0000000000000000 ffffffff 00cf9300 DPL=0 DS   [-WA]
FS =0030 0000000000000000 ffffffff 00cf9300 DPL=0 DS   [-WA]
GS =0030 0000000000000000 ffffffff 00cf9300 DPL=0 DS   [-WA]
LDT=0000 0000000000000000 0000ffff 00008200 DPL=0 LDT
TR =0048 000000007fd2c058 00000067 00008900 DPL=0 TSS64-avl
GDT=     000000007fd2c000 00000057
IDT=     000000007bb8af58 00000fff
CR0=80010033 CR2=0000000000000000 CR3=000000007f401000 CR4=00000668
DR0=0000000000000000 DR1=0000000000000000 DR2=0000000000000000 DR3=0000000000000000 
DR6=00000000ffff0ff0 DR7=0000000000000400
CCS=0000000000000014 CCD=000000000006b928 CCO=EFLAGS
EFER=0000000000000d00
Servicing hardware INT=0x20
   105: v=20 e=0000 i=0 cpl=0 IP=0038:000000007e0eedb0 pc=000000007e0eedb0 SP=0030:000000007fbec630 env->regs[R_EAX]=000000007b76c000
RAX=000000007b76c000 RBX=0000000000100000 RCX=0000000000000000 RDX=0000000000100000
RSI=0000000000000000 RDI=0000000000021ab0 RBP=000000007fbec630 RSP=000000007fbec630
R8 =0000000000000087 R9 =000000000000018f R10=0000000000000002 R11=00000000000000b7
R12=0000000100000001 R13=0000000001780000 R14=000000007b76c000 R15=000000007e12a370
RIP=000000007e0eedb0 RFL=00000206 [-----P-] CPL=0 II=0 A20=1 SMM=0 HLT=0
ES =0030 0000000000000000 ffffffff 00cf9300 DPL=0 DS   [-WA]
CS =0038 0000000000000000 ffffffff 00af9a00 DPL=0 CS64 [-R-]
SS =0030 0000000000000000 ffffffff 00cf9300 DPL=0 DS   [-WA]
DS =0030 0000000000000000 ffffffff 00cf9300 DPL=0 DS   [-WA]
FS =0030 0000000000000000 ffffffff 00cf9300 DPL=0 DS   [-WA]
GS =0030 0000000000000000 ffffffff 00cf9300 DPL=0 DS   [-WA]
LDT=0000 0000000000000000 0000ffff 00008200 DPL=0 LDT
TR =0048 000000007fd2c058 00000067 00008900 DPL=0 TSS64-avl
GDT=     000000007fd2c000 00000057
IDT=     000000007bb8af58 00000fff
CR0=80010033 CR2=0000000000000000 CR3=000000007f401000 CR4=00000668
DR0=0000000000000000 DR1=0000000000000000 DR2=0000000000000000 DR3=0000000000000000 
DR6=00000000ffff0ff0 DR7=0000000000000400
CCS=0000000000000004 CCD=00000000000de550 CCO=EFLAGS
EFER=0000000000000d00
Servicing hardware INT=0x20
   106: v=20 e=0000 i=0 cpl=0 IP=0038:000000007e0eedb0 pc=000000007e0eedb0 SP=0030:000000007fbec630 env->regs[R_EAX]=000000007b56c000
RAX=000000007b56c000 RBX=0000000000100000 RCX=0000000000000000 RDX=0000000000100000
RSI=0000000000000000 RDI=0000000000000008 RBP=000000007fbec630 RSP=000000007fbec630
R8 =0000000000000089 R9 =0000000000000195 R10=0000000000000002 R11=00000000000000bd
R12=0000000100000001 R13=0000000001780000 R14=000000007b56c000 R15=000000007e12a370
RIP=000000007e0eedb0 RFL=00000212 [----A--] CPL=0 II=0 A20=1 SMM=0 HLT=0
ES =0030 0000000000000000 ffffffff 00cf9300 DPL=0 DS   [-WA]
CS =0038 0000000000000000 ffffffff 00af9a00 DPL=0 CS64 [-R-]
SS =0030 0000000000000000 ffffffff 00cf9300 DPL=0 DS   [-WA]
DS =0030 0000000000000000 ffffffff 00cf9300 DPL=0 DS   [-WA]
FS =0030 0000000000000000 ffffffff 00cf9300 DPL=0 DS   [-WA]
GS =0030 0000000000000000 ffffffff 00cf9300 DPL=0 DS   [-WA]
LDT=0000 0000000000000000 0000ffff 00008200 DPL=0 LDT
TR =0048 000000007fd2c058 00000067 00008900 DPL=0 TSS64-avl
GDT=     000000007fd2c000 00000057
IDT=     000000007bb8af58 00000fff
CR0=80010033 CR2=0000000000000000 CR3=000000007f401000 CR4=00000668
DR0=0000000000000000 DR1=0000000000000000 DR2=0000000000000000 DR3=0000000000000000 
DR6=00000000ffff0ff0 DR7=0000000000000400
CCS=0000000000000010 CCD=00000000000ffff8 CCO=EFLAGS
EFER=0000000000000d00
Servicing hardware INT=0x20
   107: v=20 e=0000 i=0 cpl=0 IP=0038:000000007e0eedb0 pc=000000007e0eedb0 SP=0030:000000007fbec630 env->regs[R_EAX]=000000007b36c000
RAX=000000007b36c000 RBX=0000000000100000 RCX=0000000000000000 RDX=0000000000100000
RSI=0000000000000000 RDI=000000000000d778 RBP=000000007fbec630 RSP=000000007fbec630
R8 =000000000000008b R9 =000000000000019b R10=0000000000000002 R11=00000000000000c3
R12=0000000100000001 R13=0000000001780000 R14=000000007b36c000 R15=000000007e12a370
RIP=000000007e0eedb0 RFL=00000216 [----AP-] CPL=0 II=0 A20=1 SMM=0 HLT=0
ES =0030 0000000000000000 ffffffff 00cf9300 DPL=0 DS   [-WA]
CS =0038 0000000000000000 ffffffff 00af9a00 DPL=0 CS64 [-R-]
SS =0030 0000000000000000 ffffffff 00cf9300 DPL=0 DS   [-WA]
DS =0030 0000000000000000 ffffffff 00cf9300 DPL=0 DS   [-WA]
FS =0030 0000000000000000 ffffffff 00cf9300 DPL=0 DS   [-WA]
GS =0030 0000000000000000 ffffffff 00cf9300 DPL=0 DS   [-WA]
LDT=0000 0000000000000000 0000ffff 00008200 DPL=0 LDT
TR =0048 000000007fd2c058 00000067 00008900 DPL=0 TSS64-avl
GDT=     000000007fd2c000 00000057
IDT=     000000007bb8af58 00000fff
CR0=80010033 CR2=0000000000000000 CR3=000000007f401000 CR4=00000668
DR0=0000000000000000 DR1=0000000000000000 DR2=0000000000000000 DR3=0000000000000000 
DR6=00000000ffff0ff0 DR7=0000000000000400
CCS=0000000000000014 CCD=00000000000f2888 CCO=EFLAGS
EFER=0000000000000d00
Servicing hardware INT=0x20
   108: v=20 e=0000 i=0 cpl=0 IP=0038:000000007e0eedb0 pc=000000007e0eedb0 SP=0030:000000007fbec630 env->regs[R_EAX]=000000007b16c000
RAX=000000007b16c000 RBX=0000000000100000 RCX=0000000000000000 RDX=0000000000100000
RSI=0000000000000000 RDI=0000000000000008 RBP=000000007fbec630 RSP=000000007fbec630
R8 =000000000000008d R9 =00000000000001a1 R10=0000000000000002 R11=00000000000000c9
R12=0000000100000001 R13=0000000001780000 R14=000000007b16c000 R15=000000007e12a370
RIP=000000007e0eedb0 RFL=00000212 [----A--] CPL=0 II=0 A20=1 SMM=0 HLT=0
ES =0030 0000000000000000 ffffffff 00cf9300 DPL=0 DS   [-WA]
CS =0038 0000000000000000 ffffffff 00af9a00 DPL=0 CS64 [-R-]
SS =0030 0000000000000000 ffffffff 00cf9300 DPL=0 DS   [-WA]
DS =0030 0000000000000000 ffffffff 00cf9300 DPL=0 DS   [-WA]
FS =0030 0000000000000000 ffffffff 00cf9300 DPL=0 DS   [-WA]
GS =0030 0000000000000000 ffffffff 00cf9300 DPL=0 DS   [-WA]
LDT=0000 0000000000000000 0000ffff 00008200 DPL=0 LDT
TR =0048 000000007fd2c058 00000067 00008900 DPL=0 TSS64-avl
GDT=     000000007fd2c000 00000057
IDT=     000000007bb8af58 00000fff
CR0=80010033 CR2=0000000000000000 CR3=000000007f401000 CR4=00000668
DR0=0000000000000000 DR1=0000000000000000 DR2=0000000000000000 DR3=0000000000000000 
DR6=00000000ffff0ff0 DR7=0000000000000400
CCS=0000000000000010 CCD=00000000000ffff8 CCO=EFLAGS
EFER=0000000000000d00
Servicing hardware INT=0x20
   109: v=20 e=0000 i=0 cpl=0 IP=0038:000000007e0eedb0 pc=000000007e0eedb0 SP=0030:000000007fbec630 env->regs[R_EAX]=000000007b16c000
RAX=000000007b16c000 RBX=0000000000100000 RCX=0000000000000000 RDX=0000000000100000
RSI=0000000000000000 RDI=00000000000a95d8 RBP=000000007fbec630 RSP=000000007fbec630
R8 =000000000000008d R9 =00000000000001a1 R10=0000000000000002 R11=00000000000000c9
R12=0000000100000001 R13=0000000001780000 R14=000000007b16c000 R15=000000007e12a370
RIP=000000007e0eedb0 RFL=00000216 [----AP-] CPL=0 II=0 A20=1 SMM=0 HLT=0
ES =0030 0000000000000000 ffffffff 00cf9300 DPL=0 DS   [-WA]
CS =0038 0000000000000000 ffffffff 00af9a00 DPL=0 CS64 [-R-]
SS =0030 0000000000000000 ffffffff 00cf9300 DPL=0 DS   [-WA]
DS =0030 0000000000000000 ffffffff 00cf9300 DPL=0 DS   [-WA]
FS =0030 0000000000000000 ffffffff 00cf9300 DPL=0 DS   [-WA]
GS =0030 0000000000000000 ffffffff 00cf9300 DPL=0 DS   [-WA]
LDT=0000 0000000000000000 0000ffff 00008200 DPL=0 LDT
TR =0048 000000007fd2c058 00000067 00008900 DPL=0 TSS64-avl
GDT=     000000007fd2c000 00000057
IDT=     000000007bb8af58 00000fff
CR0=80010033 CR2=0000000000000000 CR3=000000007f401000 CR4=00000668
DR0=0000000000000000 DR1=0000000000000000 DR2=0000000000000000 DR3=0000000000000000 
DR6=00000000ffff0ff0 DR7=0000000000000400
CCS=0000000000000014 CCD=0000000000056a28 CCO=EFLAGS
EFER=0000000000000d00
Servicing hardware INT=0x20
   110: v=20 e=0000 i=0 cpl=0 IP=0038:000000007e0eedb0 pc=000000007e0eedb0 SP=0030:000000007fbec630 env->regs[R_EAX]=000000007af6c000
RAX=000000007af6c000 RBX=0000000000100000 RCX=0000000000000000 RDX=0000000000100000
RSI=0000000000000000 RDI=000000000000a878 RBP=000000007fbec630 RSP=000000007fbec630
R8 =000000000000008f R9 =00000000000001a7 R10=0000000000000002 R11=00000000000000cf
R12=0000000100000001 R13=0000000001780000 R14=000000007af6c000 R15=000000007e12a370
RIP=000000007e0eedb0 RFL=00000216 [----AP-] CPL=0 II=0 A20=1 SMM=0 HLT=0
ES =0030 0000000000000000 ffffffff 00cf9300 DPL=0 DS   [-WA]
CS =0038 0000000000000000 ffffffff 00af9a00 DPL=0 CS64 [-R-]
SS =0030 0000000000000000 ffffffff 00cf9300 DPL=0 DS   [-WA]
DS =0030 0000000000000000 ffffffff 00cf9300 DPL=0 DS   [-WA]
FS =0030 0000000000000000 ffffffff 00cf9300 DPL=0 DS   [-WA]
GS =0030 0000000000000000 ffffffff 00cf9300 DPL=0 DS   [-WA]
LDT=0000 0000000000000000 0000ffff 00008200 DPL=0 LDT
TR =0048 000000007fd2c058 00000067 00008900 DPL=0 TSS64-avl
GDT=     000000007fd2c000 00000057
IDT=     000000007bb8af58 00000fff
CR0=80010033 CR2=0000000000000000 CR3=000000007f401000 CR4=00000668
DR0=0000000000000000 DR1=0000000000000000 DR2=0000000000000000 DR3=0000000000000000 
DR6=00000000ffff0ff0 DR7=0000000000000400
CCS=0000000000000014 CCD=00000000000f5788 CCO=EFLAGS
EFER=0000000000000d00
Servicing hardware INT=0x20
   111: v=20 e=0000 i=0 cpl=0 IP=0038:000000007e0eedb0 pc=000000007e0eedb0 SP=0030:000000007fbec630 env->regs[R_EAX]=000000007ad6c000
RAX=000000007ad6c000 RBX=0000000000100000 RCX=0000000000000000 RDX=0000000000100000
RSI=0000000000000000 RDI=0000000000000008 RBP=000000007fbec630 RSP=000000007fbec630
R8 =0000000000000091 R9 =00000000000001ad R10=0000000000000002 R11=00000000000000d5
R12=0000000100000001 R13=0000000001780000 R14=000000007ad6c000 R15=000000007e12a370
RIP=000000007e0eedb0 RFL=00000212 [----A--] CPL=0 II=0 A20=1 SMM=0 HLT=0
ES =0030 0000000000000000 ffffffff 00cf9300 DPL=0 DS   [-WA]
CS =0038 0000000000000000 ffffffff 00af9a00 DPL=0 CS64 [-R-]
SS =0030 0000000000000000 ffffffff 00cf9300 DPL=0 DS   [-WA]
DS =0030 0000000000000000 ffffffff 00cf9300 DPL=0 DS   [-WA]
FS =0030 0000000000000000 ffffffff 00cf9300 DPL=0 DS   [-WA]
GS =0030 0000000000000000 ffffffff 00cf9300 DPL=0 DS   [-WA]
LDT=0000 0000000000000000 0000ffff 00008200 DPL=0 LDT
TR =0048 000000007fd2c058 00000067 00008900 DPL=0 TSS64-avl
GDT=     000000007fd2c000 00000057
IDT=     000000007bb8af58 00000fff
CR0=80010033 CR2=0000000000000000 CR3=000000007f401000 CR4=00000668
DR0=0000000000000000 DR1=0000000000000000 DR2=0000000000000000 DR3=0000000000000000 
DR6=00000000ffff0ff0 DR7=0000000000000400
CCS=0000000000000010 CCD=00000000000ffff8 CCO=EFLAGS
EFER=0000000000000d00
Servicing hardware INT=0x20
   112: v=20 e=0000 i=0 cpl=0 IP=0038:000000007e0eedb0 pc=000000007e0eedb0 SP=0030:000000007fbec630 env->regs[R_EAX]=000000007ab6c000
RAX=000000007ab6c000 RBX=0000000000100000 RCX=0000000000000000 RDX=0000000000100000
RSI=0000000000000000 RDI=00000000000312a0 RBP=000000007fbec630 RSP=000000007fbec630
R8 =0000000000000093 R9 =00000000000001b3 R10=0000000000000002 R11=00000000000000db
R12=0000000100000001 R13=0000000001780000 R14=000000007ab6c000 R15=000000007e12a370
RIP=000000007e0eedb0 RFL=00000206 [-----P-] CPL=0 II=0 A20=1 SMM=0 HLT=0
ES =0030 0000000000000000 ffffffff 00cf9300 DPL=0 DS   [-WA]
CS =0038 0000000000000000 ffffffff 00af9a00 DPL=0 CS64 [-R-]
SS =0030 0000000000000000 ffffffff 00cf9300 DPL=0 DS   [-WA]
DS =0030 0000000000000000 ffffffff 00cf9300 DPL=0 DS   [-WA]
FS =0030 0000000000000000 ffffffff 00cf9300 DPL=0 DS   [-WA]
GS =0030 0000000000000000 ffffffff 00cf9300 DPL=0 DS   [-WA]
LDT=0000 0000000000000000 0000ffff 00008200 DPL=0 LDT
TR =0048 000000007fd2c058 00000067 00008900 DPL=0 TSS64-avl
GDT=     000000007fd2c000 00000057
IDT=     000000007bb8af58 00000fff
CR0=80010033 CR2=0000000000000000 CR3=000000007f401000 CR4=00000668
DR0=0000000000000000 DR1=0000000000000000 DR2=0000000000000000 DR3=0000000000000000 
DR6=00000000ffff0ff0 DR7=0000000000000400
CCS=0000000000000004 CCD=00000000000ced60 CCO=EFLAGS
EFER=0000000000000d00
Servicing hardware INT=0x20
   113: v=20 e=0000 i=0 cpl=0 IP=0038:000000007e0eedb0 pc=000000007e0eedb0 SP=0030:000000007fbec630 env->regs[R_EAX]=000000007a96c000
RAX=000000007a96c000 RBX=0000000000100000 RCX=0000000000000000 RDX=0000000000100000
RSI=0000000000000000 RDI=0000000000000008 RBP=000000007fbec630 RSP=000000007fbec630
R8 =0000000000000095 R9 =00000000000001b9 R10=0000000000000002 R11=00000000000000e1
R12=0000000100000001 R13=0000000001780000 R14=000000007a96c000 R15=000000007e12a370
RIP=000000007e0eedb0 RFL=00000212 [----A--] CPL=0 II=0 A20=1 SMM=0 HLT=0
ES =0030 0000000000000000 ffffffff 00cf9300 DPL=0 DS   [-WA]
CS =0038 0000000000000000 ffffffff 00af9a00 DPL=0 CS64 [-R-]
SS =0030 0000000000000000 ffffffff 00cf9300 DPL=0 DS   [-WA]
DS =0030 0000000000000000 ffffffff 00cf9300 DPL=0 DS   [-WA]
FS =0030 0000000000000000 ffffffff 00cf9300 DPL=0 DS   [-WA]
GS =0030 0000000000000000 ffffffff 00cf9300 DPL=0 DS   [-WA]
LDT=0000 0000000000000000 0000ffff 00008200 DPL=0 LDT
TR =0048 000000007fd2c058 00000067 00008900 DPL=0 TSS64-avl
GDT=     000000007fd2c000 00000057
IDT=     000000007bb8af58 00000fff
CR0=80010033 CR2=0000000000000000 CR3=000000007f401000 CR4=00000668
DR0=0000000000000000 DR1=0000000000000000 DR2=0000000000000000 DR3=0000000000000000 
DR6=00000000ffff0ff0 DR7=0000000000000400
CCS=0000000000000010 CCD=00000000000ffff8 CCO=EFLAGS
EFER=0000000000000d00
Servicing hardware INT=0x20
   114: v=20 e=0000 i=0 cpl=0 IP=0038:000000007e0eedb0 pc=000000007e0eedb0 SP=0030:000000007fbec630 env->regs[R_EAX]=000000007a96c000
RAX=000000007a96c000 RBX=0000000000100000 RCX=0000000000000000 RDX=0000000000100000
RSI=0000000000000000 RDI=00000000000b7eb0 RBP=000000007fbec630 RSP=000000007fbec630
R8 =0000000000000095 R9 =00000000000001b9 R10=0000000000000002 R11=00000000000000e1
R12=0000000100000001 R13=0000000001780000 R14=000000007a96c000 R15=000000007e12a370
RIP=000000007e0eedb0 RFL=00000206 [-----P-] CPL=0 II=0 A20=1 SMM=0 HLT=0
ES =0030 0000000000000000 ffffffff 00cf9300 DPL=0 DS   [-WA]
CS =0038 0000000000000000 ffffffff 00af9a00 DPL=0 CS64 [-R-]
SS =0030 0000000000000000 ffffffff 00cf9300 DPL=0 DS   [-WA]
DS =0030 0000000000000000 ffffffff 00cf9300 DPL=0 DS   [-WA]
FS =0030 0000000000000000 ffffffff 00cf9300 DPL=0 DS   [-WA]
GS =0030 0000000000000000 ffffffff 00cf9300 DPL=0 DS   [-WA]
LDT=0000 0000000000000000 0000ffff 00008200 DPL=0 LDT
TR =0048 000000007fd2c058 00000067 00008900 DPL=0 TSS64-avl
GDT=     000000007fd2c000 00000057
IDT=     000000007bb8af58 00000fff
CR0=80010033 CR2=0000000000000000 CR3=000000007f401000 CR4=00000668
DR0=0000000000000000 DR1=0000000000000000 DR2=0000000000000000 DR3=0000000000000000 
DR6=00000000ffff0ff0 DR7=0000000000000400
CCS=0000000000000004 CCD=0000000000048150 CCO=EFLAGS
EFER=0000000000000d00
Servicing hardware INT=0x20
   115: v=20 e=0000 i=0 cpl=0 IP=0038:000000007e0eedb0 pc=000000007e0eedb0 SP=0030:000000007fbec630 env->regs[R_EAX]=000000007a76c000
RAX=000000007a76c000 RBX=0000000000100000 RCX=0000000000000000 RDX=0000000000100000
RSI=0000000000000000 RDI=0000000000022768 RBP=000000007fbec630 RSP=000000007fbec630
R8 =0000000000000097 R9 =00000000000001bf R10=0000000000000002 R11=00000000000000e7
R12=0000000100000001 R13=0000000001780000 R14=000000007a76c000 R15=000000007e12a370
RIP=000000007e0eedb0 RFL=00000212 [----A--] CPL=0 II=0 A20=1 SMM=0 HLT=0
ES =0030 0000000000000000 ffffffff 00cf9300 DPL=0 DS   [-WA]
CS =0038 0000000000000000 ffffffff 00af9a00 DPL=0 CS64 [-R-]
SS =0030 0000000000000000 ffffffff 00cf9300 DPL=0 DS   [-WA]
DS =0030 0000000000000000 ffffffff 00cf9300 DPL=0 DS   [-WA]
FS =0030 0000000000000000 ffffffff 00cf9300 DPL=0 DS   [-WA]
GS =0030 0000000000000000 ffffffff 00cf9300 DPL=0 DS   [-WA]
LDT=0000 0000000000000000 0000ffff 00008200 DPL=0 LDT
TR =0048 000000007fd2c058 00000067 00008900 DPL=0 TSS64-avl
GDT=     000000007fd2c000 00000057
IDT=     000000007bb8af58 00000fff
CR0=80010033 CR2=0000000000000000 CR3=000000007f401000 CR4=00000668
DR0=0000000000000000 DR1=0000000000000000 DR2=0000000000000000 DR3=0000000000000000 
DR6=00000000ffff0ff0 DR7=0000000000000400
CCS=0000000000000010 CCD=00000000000dd898 CCO=EFLAGS
EFER=0000000000000d00
Servicing hardware INT=0x20
   116: v=20 e=0000 i=0 cpl=0 IP=0038:000000007e0eedb0 pc=000000007e0eedb0 SP=0030:000000007fbec630 env->regs[R_EAX]=000000007a56c000
RAX=000000007a56c000 RBX=0000000000100000 RCX=0000000000000000 RDX=0000000000100000
RSI=0000000000000000 RDI=0000000000000008 RBP=000000007fbec630 RSP=000000007fbec630
R8 =0000000000000099 R9 =00000000000001c5 R10=0000000000000002 R11=00000000000000ed
R12=0000000100000001 R13=0000000001780000 R14=000000007a56c000 R15=000000007e12a370
RIP=000000007e0eedb0 RFL=00000212 [----A--] CPL=0 II=0 A20=1 SMM=0 HLT=0
ES =0030 0000000000000000 ffffffff 00cf9300 DPL=0 DS   [-WA]
CS =0038 0000000000000000 ffffffff 00af9a00 DPL=0 CS64 [-R-]
SS =0030 0000000000000000 ffffffff 00cf9300 DPL=0 DS   [-WA]
DS =0030 0000000000000000 ffffffff 00cf9300 DPL=0 DS   [-WA]
FS =0030 0000000000000000 ffffffff 00cf9300 DPL=0 DS   [-WA]
GS =0030 0000000000000000 ffffffff 00cf9300 DPL=0 DS   [-WA]
LDT=0000 0000000000000000 0000ffff 00008200 DPL=0 LDT
TR =0048 000000007fd2c058 00000067 00008900 DPL=0 TSS64-avl
GDT=     000000007fd2c000 00000057
IDT=     000000007bb8af58 00000fff
CR0=80010033 CR2=0000000000000000 CR3=000000007f401000 CR4=00000668
DR0=0000000000000000 DR1=0000000000000000 DR2=0000000000000000 DR3=0000000000000000 
DR6=00000000ffff0ff0 DR7=0000000000000400
CCS=0000000000000010 CCD=00000000000ffff8 CCO=EFLAGS
EFER=0000000000000d00
Servicing hardware INT=0x20
   117: v=20 e=0000 i=0 cpl=0 IP=0038:000000007e0eedb0 pc=000000007e0eedb0 SP=0030:000000007fbec630 env->regs[R_EAX]=000000007a36c000
RAX=000000007a36c000 RBX=0000000000100000 RCX=0000000000000000 RDX=0000000000100000
RSI=0000000000000000 RDI=0000000000021288 RBP=000000007fbec630 RSP=000000007fbec630
R8 =000000000000009b R9 =00000000000001cb R10=0000000000000002 R11=00000000000000f3
R12=0000000100000001 R13=0000000001780000 R14=000000007a36c000 R15=000000007e12a370
RIP=000000007e0eedb0 RFL=00000216 [----AP-] CPL=0 II=0 A20=1 SMM=0 HLT=0
ES =0030 0000000000000000 ffffffff 00cf9300 DPL=0 DS   [-WA]
CS =0038 0000000000000000 ffffffff 00af9a00 DPL=0 CS64 [-R-]
SS =0030 0000000000000000 ffffffff 00cf9300 DPL=0 DS   [-WA]
DS =0030 0000000000000000 ffffffff 00cf9300 DPL=0 DS   [-WA]
FS =0030 0000000000000000 ffffffff 00cf9300 DPL=0 DS   [-WA]
GS =0030 0000000000000000 ffffffff 00cf9300 DPL=0 DS   [-WA]
LDT=0000 0000000000000000 0000ffff 00008200 DPL=0 LDT
TR =0048 000000007fd2c058 00000067 00008900 DPL=0 TSS64-avl
GDT=     000000007fd2c000 00000057
IDT=     000000007bb8af58 00000fff
CR0=80010033 CR2=0000000000000000 CR3=000000007f401000 CR4=00000668
DR0=0000000000000000 DR1=0000000000000000 DR2=0000000000000000 DR3=0000000000000000 
DR6=00000000ffff0ff0 DR7=0000000000000400
CCS=0000000000000014 CCD=00000000000ded78 CCO=EFLAGS
EFER=0000000000000d00
Servicing hardware INT=0x20
   118: v=20 e=0000 i=0 cpl=0 IP=0038:000000007e0eedb0 pc=000000007e0eedb0 SP=0030:000000007fbec630 env->regs[R_EAX]=000000007a26c000
RAX=000000007a26c000 RBX=0000000000100000 RCX=0000000000000000 RDX=0000000000100000
RSI=0000000000000000 RDI=00000000000bac18 RBP=000000007fbec630 RSP=000000007fbec630
R8 =000000000000009c R9 =00000000000001ce R10=0000000000000002 R11=00000000000000f6
R12=0000000100000001 R13=0000000001780000 R14=000000007a26c000 R15=000000007e12a370
RIP=000000007e0eedb0 RFL=00000216 [----AP-] CPL=0 II=0 A20=1 SMM=0 HLT=0
ES =0030 0000000000000000 ffffffff 00cf9300 DPL=0 DS   [-WA]
CS =0038 0000000000000000 ffffffff 00af9a00 DPL=0 CS64 [-R-]
SS =0030 0000000000000000 ffffffff 00cf9300 DPL=0 DS   [-WA]
DS =0030 0000000000000000 ffffffff 00cf9300 DPL=0 DS   [-WA]
FS =0030 0000000000000000 ffffffff 00cf9300 DPL=0 DS   [-WA]
GS =0030 0000000000000000 ffffffff 00cf9300 DPL=0 DS   [-WA]
LDT=0000 0000000000000000 0000ffff 00008200 DPL=0 LDT
TR =0048 000000007fd2c058 00000067 00008900 DPL=0 TSS64-avl
GDT=     000000007fd2c000 00000057
IDT=     000000007bb8af58 00000fff
CR0=80010033 CR2=0000000000000000 CR3=000000007f401000 CR4=00000668
DR0=0000000000000000 DR1=0000000000000000 DR2=0000000000000000 DR3=0000000000000000 
DR6=00000000ffff0ff0 DR7=0000000000000400
CCS=0000000000000014 CCD=00000000000453e8 CCO=EFLAGS
EFER=0000000000000d00
Servicing hardware INT=0x20
   119: v=20 e=0000 i=0 cpl=0 IP=0038:000000007e0eedb0 pc=000000007e0eedb0 SP=0030:000000007fbec630 env->regs[R_EAX]=000000007a16c000
RAX=000000007a16c000 RBX=0000000000100000 RCX=0000000000000000 RDX=0000000000100000
RSI=0000000000000000 RDI=0000000000000008 RBP=000000007fbec630 RSP=000000007fbec630
R8 =000000000000009d R9 =00000000000001d1 R10=0000000000000002 R11=00000000000000f9
R12=0000000100000001 R13=0000000001780000 R14=000000007a16c000 R15=000000007e12a370
RIP=000000007e0eedb0 RFL=00000212 [----A--] CPL=0 II=0 A20=1 SMM=0 HLT=0
ES =0030 0000000000000000 ffffffff 00cf9300 DPL=0 DS   [-WA]
CS =0038 0000000000000000 ffffffff 00af9a00 DPL=0 CS64 [-R-]
SS =0030 0000000000000000 ffffffff 00cf9300 DPL=0 DS   [-WA]
DS =0030 0000000000000000 ffffffff 00cf9300 DPL=0 DS   [-WA]
FS =0030 0000000000000000 ffffffff 00cf9300 DPL=0 DS   [-WA]
GS =0030 0000000000000000 ffffffff 00cf9300 DPL=0 DS   [-WA]
LDT=0000 0000000000000000 0000ffff 00008200 DPL=0 LDT
TR =0048 000000007fd2c058 00000067 00008900 DPL=0 TSS64-avl
GDT=     000000007fd2c000 00000057
IDT=     000000007bb8af58 00000fff
CR0=80010033 CR2=0000000000000000 CR3=000000007f401000 CR4=00000668
DR0=0000000000000000 DR1=0000000000000000 DR2=0000000000000000 DR3=0000000000000000 
DR6=00000000ffff0ff0 DR7=0000000000000400
CCS=0000000000000010 CCD=00000000000ffff8 CCO=EFLAGS
EFER=0000000000000d00
Servicing hardware INT=0x20
   120: v=20 e=0000 i=0 cpl=0 IP=0038:000000007e9ed9d4 pc=000000007e9ed9d4 SP=0030:000000007fbec0c0 env->regs[R_EAX]=000000000076a38a
RAX=000000000076a38a RBX=0000000000000064 RCX=0000000000000608 RDX=0000000000000608
RSI=000000000076a21d RDI=000000007e9a0828 RBP=000000007fbec110 RSP=000000007fbec0c0
R8 =000000007fbec11c R9 =0000000000000608 R10=0000000000000002 R11=00000000dfffffff
R12=0000000000000000 R13=0000000000000000 R14=8000000000000006 R15=0000000000000000
RIP=000000007e9ed9d4 RFL=00000293 [--S-A-C] CPL=0 II=0 A20=1 SMM=0 HLT=0
ES =0030 0000000000000000 ffffffff 00cf9300 DPL=0 DS   [-WA]
CS =0038 0000000000000000 ffffffff 00af9a00 DPL=0 CS64 [-R-]
SS =0030 0000000000000000 ffffffff 00cf9300 DPL=0 DS   [-WA]
DS =0030 0000000000000000 ffffffff 00cf9300 DPL=0 DS   [-WA]
FS =0030 0000000000000000 ffffffff 00cf9300 DPL=0 DS   [-WA]
GS =0030 0000000000000000 ffffffff 00cf9300 DPL=0 DS   [-WA]
LDT=0000 0000000000000000 0000ffff 00008200 DPL=0 LDT
TR =0048 000000007fd2c058 00000067 00008900 DPL=0 TSS64-avl
GDT=     000000007fd2c000 00000057
IDT=     000000007bb8af58 00000fff
CR0=80010033 CR2=0000000000000000 CR3=000000007f401000 CR4=00000668
DR0=0000000000000000 DR1=0000000000000000 DR2=0000000000000000 DR3=0000000000000000 
DR6=00000000ffff0ff0 DR7=0000000000000400
CCS=0000000000000091 CCD=fffffffffffffffe CCO=EFLAGS
EFER=0000000000000d00
Servicing hardware INT=0x20
   121: v=20 e=0000 i=0 cpl=0 IP=0038:000000007e9f678e pc=000000007e9f678e SP=0030:000000007fbec400 env->regs[R_EAX]=0000000000000060
RAX=0000000000000060 RBX=000000007e90c798 RCX=0000000000000011 RDX=00000000000003fd
RSI=0000000000000005 RDI=000000007e90c798 RBP=000000007fbec410 RSP=000000007fbec400
R8 =000000000000001b R9 =00000000000003fd R10=000000007e96fdb8 R11=0000000000000000
R12=000000007fbec528 R13=0000000000000000 R14=000000007fbec525 R15=0000000000000000
RIP=000000007e9f678e RFL=00000293 [--S-A-C] CPL=0 II=0 A20=1 SMM=0 HLT=0
ES =0030 0000000000000000 ffffffff 00cf9300 DPL=0 DS   [-WA]
CS =0038 0000000000000000 ffffffff 00af9a00 DPL=0 CS64 [-R-]
SS =0030 0000000000000000 ffffffff 00cf9300 DPL=0 DS   [-WA]
DS =0030 0000000000000000 ffffffff 00cf9300 DPL=0 DS   [-WA]
FS =0030 0000000000000000 ffffffff 00cf9300 DPL=0 DS   [-WA]
GS =0030 0000000000000000 ffffffff 00cf9300 DPL=0 DS   [-WA]
LDT=0000 0000000000000000 0000ffff 00008200 DPL=0 LDT
TR =0048 000000007fd2c058 00000067 00008900 DPL=0 TSS64-avl
GDT=     000000007fd2c000 00000057
IDT=     000000007bb8af58 00000fff
CR0=80010033 CR2=0000000000000000 CR3=000000007f401000 CR4=00000668
DR0=0000000000000000 DR1=0000000000000000 DR2=0000000000000000 DR3=0000000000000000 
DR6=00000000ffff0ff0 DR7=0000000000000400
CCS=0000000000000091 CCD=fffffffffffffffe CCO=EFLAGS
EFER=0000000000000d00
Servicing hardware INT=0x20
   122: v=20 e=0000 i=0 cpl=0 IP=0038:000000007f0cb82d pc=000000007f0cb82d SP=0030:000000007fbebc50 env->regs[R_EAX]=0000000000000050
RAX=0000000000000050 RBX=0000000081084120 RCX=0000000000000002 RDX=000000007f0cbcb8
RSI=0000000000000002 RDI=0000000000000000 RBP=000000007fbebcd0 RSP=000000007fbebc50
R8 =000000007fbebd7c R9 =0000000000000000 R10=0000000000000002 R11=00000000dfffffff
R12=000000007fbebd7c R13=0000000000000001 R14=00000000c0141f04 R15=0000000000000004
RIP=000000007f0cb82d RFL=00000246 [---Z-P-] CPL=0 II=0 A20=1 SMM=0 HLT=0
ES =0030 0000000000000000 ffffffff 00cf9300 DPL=0 DS   [-WA]
CS =0038 0000000000000000 ffffffff 00af9a00 DPL=0 CS64 [-R-]
SS =0030 0000000000000000 ffffffff 00cf9300 DPL=0 DS   [-WA]
DS =0030 0000000000000000 ffffffff 00cf9300 DPL=0 DS   [-WA]
FS =0030 0000000000000000 ffffffff 00cf9300 DPL=0 DS   [-WA]
GS =0030 0000000000000000 ffffffff 00cf9300 DPL=0 DS   [-WA]
LDT=0000 0000000000000000 0000ffff 00008200 DPL=0 LDT
TR =0048 000000007fd2c058 00000067 00008900 DPL=0 TSS64-avl
GDT=     000000007fd2c000 00000057
IDT=     000000007bb8af58 00000fff
CR0=80010033 CR2=0000000000000000 CR3=000000007f401000 CR4=00000668
DR0=0000000000000000 DR1=0000000000000000 DR2=0000000000000000 DR3=0000000000000000 
DR6=00000000ffff0ff0 DR7=0000000000000400
CCS=0000000000000044 CCD=0000000000000000 CCO=EFLAGS
EFER=0000000000000d00
Servicing hardware INT=0x20
   123: v=20 e=0000 i=0 cpl=0 IP=0038:000000007e9ed9d4 pc=000000007e9ed9d4 SP=0030:000000007fbebc00 env->regs[R_EAX]=0000000000784277
RAX=0000000000784277 RBX=0000000000000064 RCX=0000000000000608 RDX=0000000000000608
RSI=0000000000784129 RDI=000000007e9a0828 RBP=000000007fbebc50 RSP=000000007fbebc00
R8 =000000007fbebc5c R9 =0000000000000608 R10=0000000000000002 R11=00000000dfffffff
R12=0000000000000000 R13=0000000000000000 R14=8000000000000006 R15=0000000000000000
RIP=000000007e9ed9d4 RFL=00000293 [--S-A-C] CPL=0 II=0 A20=1 SMM=0 HLT=0
ES =0030 0000000000000000 ffffffff 00cf9300 DPL=0 DS   [-WA]
CS =0038 0000000000000000 ffffffff 00af9a00 DPL=0 CS64 [-R-]
SS =0030 0000000000000000 ffffffff 00cf9300 DPL=0 DS   [-WA]
DS =0030 0000000000000000 ffffffff 00cf9300 DPL=0 DS   [-WA]
FS =0030 0000000000000000 ffffffff 00cf9300 DPL=0 DS   [-WA]
GS =0030 0000000000000000 ffffffff 00cf9300 DPL=0 DS   [-WA]
LDT=0000 0000000000000000 0000ffff 00008200 DPL=0 LDT
TR =0048 000000007fd2c058 00000067 00008900 DPL=0 TSS64-avl
GDT=     000000007fd2c000 00000057
IDT=     000000007bb8af58 00000fff
CR0=80010033 CR2=0000000000000000 CR3=000000007f401000 CR4=00000668
DR0=0000000000000000 DR1=0000000000000000 DR2=0000000000000000 DR3=0000000000000000 
DR6=00000000ffff0ff0 DR7=0000000000000400
CCS=0000000000000091 CCD=fffffffffffffffe CCO=EFLAGS
EFER=0000000000000d00
Servicing hardware INT=0x20
   124: v=20 e=0000 i=0 cpl=0 IP=0038:000000007e103d47 pc=000000007e103d47 SP=0030:000000007fbec2b0 env->regs[R_EAX]=000000000000009f
RAX=000000000000009f RBX=000000000000009d RCX=000000007e171048 RDX=0000000000000034
RSI=0000000000000034 RDI=000000007e171018 RBP=000000007fbec300 RSP=000000007fbec2b0
R8 =0000000000000035 R9 =0000000000000099 R10=0000000000002000 R11=0000000000000084
R12=000000fd00000000 R13=000000007bb8c000 R14=000000000000009d R15=000000fd00000000
RIP=000000007e103d47 RFL=00000297 [--S-APC] CPL=0 II=0 A20=1 SMM=0 HLT=0
ES =0030 0000000000000000 ffffffff 00cf9300 DPL=0 DS   [-WA]
CS =0038 0000000000000000 ffffffff 00af9a00 DPL=0 CS64 [-R-]
SS =0030 0000000000000000 ffffffff 00cf9300 DPL=0 DS   [-WA]
DS =0030 0000000000000000 ffffffff 00cf9300 DPL=0 DS   [-WA]
FS =0030 0000000000000000 ffffffff 00cf9300 DPL=0 DS   [-WA]
GS =0030 0000000000000000 ffffffff 00cf9300 DPL=0 DS   [-WA]
LDT=0000 0000000000000000 0000ffff 00008200 DPL=0 LDT
TR =0048 000000007fd2c058 00000067 00008900 DPL=0 TSS64-avl
GDT=     000000007fd2c000 00000057
IDT=     000000007bb8af58 00000fff
CR0=80010033 CR2=0000000000000000 CR3=000000007f401000 CR4=00000668
DR0=0000000000000000 DR1=0000000000000000 DR2=0000000000000000 DR3=0000000000000000 
DR6=00000000ffff0ff0 DR7=0000000000000400
CCS=0000000000000095 CCD=ffffffffffffff96 CCO=EFLAGS
EFER=0000000000000d00
Servicing hardware INT=0x20
   125: v=20 e=0000 i=0 cpl=0 IP=0038:000000007f0cb0e3 pc=000000007f0cb0e3 SP=0030:000000007fbec148 env->regs[R_EAX]=0000000000000000
RAX=0000000000000000 RBX=0000000080088354 RCX=0000000000000000 RDX=000000007f0cbcb8
RSI=0000000000000002 RDI=0000000000000000 RBP=000000007fbec160 RSP=000000007fbec148
R8 =000000007fbec29c R9 =00000000000fffff R10=000000000000000a R11=00000000dfffffff
R12=000000007fbec29c R13=00000000000ddf2b R14=0000000000000000 R15=0000000000000004
RIP=000000007f0cb0e3 RFL=00000202 [-------] CPL=0 II=0 A20=1 SMM=0 HLT=0
ES =0030 0000000000000000 ffffffff 00cf9300 DPL=0 DS   [-WA]
CS =0038 0000000000000000 ffffffff 00af9a00 DPL=0 CS64 [-R-]
SS =0030 0000000000000000 ffffffff 00cf9300 DPL=0 DS   [-WA]
DS =0030 0000000000000000 ffffffff 00cf9300 DPL=0 DS   [-WA]
FS =0030 0000000000000000 ffffffff 00cf9300 DPL=0 DS   [-WA]
GS =0030 0000000000000000 ffffffff 00cf9300 DPL=0 DS   [-WA]
LDT=0000 0000000000000000 0000ffff 00008200 DPL=0 LDT
TR =0048 000000007fd2c058 00000067 00008900 DPL=0 TSS64-avl
GDT=     000000007fd2c000 00000057
IDT=     000000007bb8af58 00000fff
CR0=80010033 CR2=0000000000000000 CR3=000000007f401000 CR4=00000668
DR0=0000000000000000 DR1=0000000000000000 DR2=0000000000000000 DR3=0000000000000000 
DR6=00000000ffff0ff0 DR7=0000000000000400
CCS=0000000000000000 CCD=0000000000000001 CCO=EFLAGS
EFER=0000000000000d00
Servicing hardware INT=0x20
   126: v=20 e=0000 i=0 cpl=0 IP=0038:000000007f0cb0ea pc=000000007f0cb0ea SP=0030:000000007fbec168 env->regs[R_EAX]=0000000000000000
RAX=0000000000000000 RBX=000000008018e000 RCX=0000000000000000 RDX=000000007f0cbcb8
RSI=0000000000000002 RDI=0000000000000000 RBP=000000007fbec1f0 RSP=000000007fbec168
R8 =000000007fbec29c R9 =00000000000fffff R10=000000000000000a R11=00000000dfffffff
R12=000000007fbec29c R13=000000000009c800 R14=0000000000000000 R15=0000000000000004
RIP=000000007f0cb0ea RFL=00000246 [---Z-P-] CPL=0 II=0 A20=1 SMM=0 HLT=0
ES =0030 0000000000000000 ffffffff 00cf9300 DPL=0 DS   [-WA]
CS =0038 0000000000000000 ffffffff 00af9a00 DPL=0 CS64 [-R-]
SS =0030 0000000000000000 ffffffff 00cf9300 DPL=0 DS   [-WA]
DS =0030 0000000000000000 ffffffff 00cf9300 DPL=0 DS   [-WA]
FS =0030 0000000000000000 ffffffff 00cf9300 DPL=0 DS   [-WA]
GS =0030 0000000000000000 ffffffff 00cf9300 DPL=0 DS   [-WA]
LDT=0000 0000000000000000 0000ffff 00008200 DPL=0 LDT
TR =0048 000000007fd2c058 00000067 00008900 DPL=0 TSS64-avl
GDT=     000000007fd2c000 00000057
IDT=     000000007bb8af58 00000fff
CR0=80010033 CR2=0000000000000000 CR3=000000007f401000 CR4=00000668
DR0=0000000000000000 DR1=0000000000000000 DR2=0000000000000000 DR3=0000000000000000 
DR6=00000000ffff0ff0 DR7=0000000000000400
CCS=0000000000000044 CCD=0000000000000000 CCO=EFLAGS
EFER=0000000000000d00
Servicing hardware INT=0x20
   127: v=20 e=0000 i=0 cpl=0 IP=0038:000000007f0cb0f5 pc=000000007f0cb0f5 SP=0030:000000007fbec150 env->regs[R_EAX]=0000000000000000
RAX=0000000000000000 RBX=0000000080247044 RCX=0000000000000000 RDX=000000007f0cbcb8
RSI=0000000000000002 RDI=0000000000000000 RBP=000000007fbec160 RSP=000000007fbec150
R8 =000000007fbec29c R9 =00000000000fffff R10=000000000000000a R11=00000000dfffffff
R12=000000007fbec29c R13=000000000006e3ef R14=0000000000000000 R15=0000000000000004
RIP=000000007f0cb0f5 RFL=00000202 [-------] CPL=0 II=0 A20=1 SMM=0 HLT=0
ES =0030 0000000000000000 ffffffff 00cf9300 DPL=0 DS   [-WA]
CS =0038 0000000000000000 ffffffff 00af9a00 DPL=0 CS64 [-R-]
SS =0030 0000000000000000 ffffffff 00cf9300 DPL=0 DS   [-WA]
DS =0030 0000000000000000 ffffffff 00cf9300 DPL=0 DS   [-WA]
FS =0030 0000000000000000 ffffffff 00cf9300 DPL=0 DS   [-WA]
GS =0030 0000000000000000 ffffffff 00cf9300 DPL=0 DS   [-WA]
LDT=0000 0000000000000000 0000ffff 00008200 DPL=0 LDT
TR =0048 000000007fd2c058 00000067 00008900 DPL=0 TSS64-avl
GDT=     000000007fd2c000 00000057
IDT=     000000007bb8af58 00000fff
CR0=80010033 CR2=0000000000000000 CR3=000000007f401000 CR4=00000668
DR0=0000000000000000 DR1=0000000000000000 DR2=0000000000000000 DR3=0000000000000000 
DR6=00000000ffff0ff0 DR7=0000000000000400
CCS=0000000000000000 CCD=0000000000000001 CCO=EFLAGS
EFER=0000000000000d00
Servicing hardware INT=0x20
   128: v=20 e=0000 i=0 cpl=0 IP=0038:000000007f0cb968 pc=000000007f0cb968 SP=0030:000000007fbec170 env->regs[R_EAX]=0000000000000000
RAX=0000000000000000 RBX=0000000080344070 RCX=0000000000000000 RDX=000000007f0cbcb8
RSI=0000000000000002 RDI=0000000000000000 RBP=000000007fbec1f0 RSP=000000007fbec170
R8 =000000007fbec29c R9 =00000000000fffff R10=000000000000000a R11=00000000dfffffff
R12=000000007fbec29c R13=000000000002efe4 R14=0000000000000000 R15=0000000000000004
RIP=000000007f0cb968 RFL=00000202 [-------] CPL=0 II=0 A20=1 SMM=0 HLT=0
ES =0030 0000000000000000 ffffffff 00cf9300 DPL=0 DS   [-WA]
CS =0038 0000000000000000 ffffffff 00af9a00 DPL=0 CS64 [-R-]
SS =0030 0000000000000000 ffffffff 00cf9300 DPL=0 DS   [-WA]
DS =0030 0000000000000000 ffffffff 00cf9300 DPL=0 DS   [-WA]
FS =0030 0000000000000000 ffffffff 00cf9300 DPL=0 DS   [-WA]
GS =0030 0000000000000000 ffffffff 00cf9300 DPL=0 DS   [-WA]
LDT=0000 0000000000000000 0000ffff 00008200 DPL=0 LDT
TR =0048 000000007fd2c058 00000067 00008900 DPL=0 TSS64-avl
GDT=     000000007fd2c000 00000057
IDT=     000000007bb8af58 00000fff
CR0=80010033 CR2=0000000000000000 CR3=000000007f401000 CR4=00000668
DR0=0000000000000000 DR1=0000000000000000 DR2=0000000000000000 DR3=0000000000000000 
DR6=00000000ffff0ff0 DR7=0000000000000400
CCS=0000000000000000 CCD=0000000000000002 CCO=EFLAGS
EFER=0000000000000d00
Servicing hardware INT=0x20
   129: v=20 e=0000 i=0 cpl=0 IP=0038:000000007e0e53bb pc=000000007e0e53bb SP=0030:000000007fbec350 env->regs[R_EAX]=0000000000000000
RAX=0000000000000000 RBX=000000007e1282b8 RCX=0000000000000000 RDX=0000000080000000
RSI=000000007e12a780 RDI=000000007bbdf000 RBP=000000007fbec3a0 RSP=000000007fbec350
R8 =0000000000000000 R9 =0000000000000320 R10=0000000000000008 R11=000000007fbec25f
R12=0000000000000000 R13=0000000000000000 R14=000000007e96fdb8 R15=0000000000000000
RIP=000000007e0e53bb RFL=00000202 [-------] CPL=0 II=0 A20=1 SMM=0 HLT=0
ES =0030 0000000000000000 ffffffff 00cf9300 DPL=0 DS   [-WA]
CS =0038 0000000000000000 ffffffff 00af9a00 DPL=0 CS64 [-R-]
SS =0030 0000000000000000 ffffffff 00cf9300 DPL=0 DS   [-WA]
DS =0030 0000000000000000 ffffffff 00cf9300 DPL=0 DS   [-WA]
FS =0030 0000000000000000 ffffffff 00cf9300 DPL=0 DS   [-WA]
GS =0030 0000000000000000 ffffffff 00cf9300 DPL=0 DS   [-WA]
LDT=0000 0000000000000000 0000ffff 00008200 DPL=0 LDT
TR =0048 000000007fd2c058 00000067 00008900 DPL=0 TSS64-avl
GDT=     000000007fd2c000 00000057
IDT=     000000007bb8af58 00000fff
CR0=80010033 CR2=0000000000000000 CR3=000000007f401000 CR4=00000668
DR0=0000000000000000 DR1=0000000000000000 DR2=0000000000000000 DR3=0000000000000000 
DR6=00000000ffff0ff0 DR7=0000000000000400
CCS=0000000000000000 CCD=000000007fbec308 CCO=EFLAGS
EFER=0000000000000d00
Servicing hardware INT=0x20
   130: v=20 e=0000 i=0 cpl=0 IP=0038:000000007e10fa70 pc=000000007e10fa70 SP=0030:000000007fbec370 env->regs[R_EAX]=0000000000000060
RAX=0000000000000060 RBX=000000007bbde000 RCX=0000000000000006 RDX=0000000000000060
RSI=000000007bbd8060 RDI=000000007e104850 RBP=000000007fbec410 RSP=000000007fbec370
R8 =0000000000000000 R9 =0000000000000061 R10=0000000000000001 R11=0000000000000009
R12=0000000000000009 R13=0000000000000000 R14=0000000000000000 R15=0000000000000010
RIP=000000007e10fa70 RFL=00000246 [---Z-P-] CPL=0 II=0 A20=1 SMM=0 HLT=0
ES =0030 0000000000000000 ffffffff 00cf9300 DPL=0 DS   [-WA]
CS =0038 0000000000000000 ffffffff 00af9a00 DPL=0 CS64 [-R-]
SS =0030 0000000000000000 ffffffff 00cf9300 DPL=0 DS   [-WA]
DS =0030 0000000000000000 ffffffff 00cf9300 DPL=0 DS   [-WA]
FS =0030 0000000000000000 ffffffff 00cf9300 DPL=0 DS   [-WA]
GS =0030 0000000000000000 ffffffff 00cf9300 DPL=0 DS   [-WA]
LDT=0000 0000000000000000 0000ffff 00008200 DPL=0 LDT
TR =0048 000000007fd2c058 00000067 00008900 DPL=0 TSS64-avl
GDT=     000000007fd2c000 00000057
IDT=     000000007bb8af58 00000fff
CR0=80010033 CR2=0000000000000000 CR3=000000007f401000 CR4=00000668
DR0=0000000000000000 DR1=0000000000000000 DR2=0000000000000000 DR3=0000000000000000 
DR6=00000000ffff0ff0 DR7=0000000000000400
CCS=0000000000000044 CCD=0000000000000000 CCO=EFLAGS
EFER=0000000000000d00
Servicing hardware INT=0x20
   131: v=20 e=0000 i=0 cpl=0 IP=0038:000000007e111970 pc=000000007e111970 SP=0030:000000007fbec330 env->regs[R_EAX]=0000000000000000
RAX=0000000000000000 RBX=000000007bbde000 RCX=00000000000005a0 RDX=0000000000000168
RSI=0000000000000500 RDI=fffffffffffffe97 RBP=000000007fbec360 RSP=000000007fbec330
R8 =fffffffffffffb88 R9 =0000000000000477 R10=0000000000000476 R11=0000000000000168
R12=0000000000000009 R13=000000007e104850 R14=0000000000000000 R15=0000000000000000
RIP=000000007e111970 RFL=00000287 [--S--PC] CPL=0 II=0 A20=1 SMM=0 HLT=0
ES =0030 0000000000000000 ffffffff 00cf9300 DPL=0 DS   [-WA]
CS =0038 0000000000000000 ffffffff 00af9a00 DPL=0 CS64 [-R-]
SS =0030 0000000000000000 ffffffff 00cf9300 DPL=0 DS   [-WA]
DS =0030 0000000000000000 ffffffff 00cf9300 DPL=0 DS   [-WA]
FS =0030 0000000000000000 ffffffff 00cf9300 DPL=0 DS   [-WA]
GS =0030 0000000000000000 ffffffff 00cf9300 DPL=0 DS   [-WA]
LDT=0000 0000000000000000 0000ffff 00008200 DPL=0 LDT
TR =0048 000000007fd2c058 00000067 00008900 DPL=0 TSS64-avl
GDT=     000000007fd2c000 00000057
IDT=     000000007bb8af58 00000fff
CR0=80010033 CR2=0000000000000000 CR3=000000007f401000 CR4=00000668
DR0=0000000000000000 DR1=0000000000000000 DR2=0000000000000000 DR3=0000000000000000 
DR6=00000000ffff0ff0 DR7=0000000000000400
CCS=0000000000000085 CCD=ffffffffffffff77 CCO=EFLAGS
EFER=0000000000000d00
Servicing hardware INT=0x20
   132: v=20 e=0000 i=0 cpl=0 IP=0038:000000007e110310 pc=000000007e110310 SP=0030:000000007fbec308 env->regs[R_EAX]=0000000000000000
RAX=0000000000000000 RBX=0000000000000009 RCX=0000000080110040 RDX=000000007bbd0200
RSI=0000000000000004 RDI=000000007bbde000 RBP=000000007fbec320 RSP=000000007fbec308
R8 =0000000000aaaaaa R9 =000000007bbd0251 R10=0000000000001400 R11=0000000000000009
R12=0000000000005a9c R13=000000007e104850 R14=0000000000000005 R15=0000000080110054
RIP=000000007e110310 RFL=00000297 [--S-APC] CPL=0 II=0 A20=1 SMM=0 HLT=0
ES =0030 0000000000000000 ffffffff 00cf9300 DPL=0 DS   [-WA]
CS =0038 0000000000000000 ffffffff 00af9a00 DPL=0 CS64 [-R-]
SS =0030 0000000000000000 ffffffff 00cf9300 DPL=0 DS   [-WA]
DS =0030 0000000000000000 ffffffff 00cf9300 DPL=0 DS   [-WA]
FS =0030 0000000000000000 ffffffff 00cf9300 DPL=0 DS   [-WA]
GS =0030 0000000000000000 ffffffff 00cf9300 DPL=0 DS   [-WA]
LDT=0000 0000000000000000 0000ffff 00008200 DPL=0 LDT
TR =0048 000000007fd2c058 00000067 00008900 DPL=0 TSS64-avl
GDT=     000000007fd2c000 00000057
IDT=     000000007bb8af58 00000fff
CR0=80010033 CR2=0000000000000000 CR3=000000007f401000 CR4=00000668
DR0=0000000000000000 DR1=0000000000000000 DR2=0000000000000000 DR3=0000000000000000 
DR6=00000000ffff0ff0 DR7=0000000000000400
CCS=0000000000000095 CCD=fffffffffffffffc CCO=EFLAGS
EFER=0000000000000d00
Servicing hardware INT=0x20
   133: v=20 e=0000 i=0 cpl=0 IP=0038:000000007f0a4db1 pc=000000007f0a4db1 SP=0030:000000007fbec428 env->regs[R_EAX]=0000000000000000
RAX=0000000000000000 RBX=0000000000000004 RCX=000000007f0d0e18 RDX=0000000000000000
RSI=00000000ffffffff RDI=000000007fc08630 RBP=000000007fbec4a0 RSP=000000007fbec428
R8 =000000007fc08620 R9 =0000000000000000 R10=000000007fc05c00 R11=000000007e0d8c88
R12=000000007fc11c40 R13=0000000000000010 R14=000000007f0d0e60 R15=000000007fc11b40
RIP=000000007f0a4db1 RFL=00000202 [-------] CPL=0 II=0 A20=1 SMM=0 HLT=0
ES =0030 0000000000000000 ffffffff 00cf9300 DPL=0 DS   [-WA]
CS =0038 0000000000000000 ffffffff 00af9a00 DPL=0 CS64 [-R-]
SS =0030 0000000000000000 ffffffff 00cf9300 DPL=0 DS   [-WA]
DS =0030 0000000000000000 ffffffff 00cf9300 DPL=0 DS   [-WA]
FS =0030 0000000000000000 ffffffff 00cf9300 DPL=0 DS   [-WA]
GS =0030 0000000000000000 ffffffff 00cf9300 DPL=0 DS   [-WA]
LDT=0000 0000000000000000 0000ffff 00008200 DPL=0 LDT
TR =0048 000000007fd2c058 00000067 00008900 DPL=0 TSS64-avl
GDT=     000000007fd2c000 00000057
IDT=     000000007bb8af58 00000fff
CR0=80010033 CR2=0000000000000000 CR3=000000007f401000 CR4=00000668
DR0=0000000000000000 DR1=0000000000000000 DR2=0000000000000000 DR3=0000000000000000 
DR6=00000000ffff0ff0 DR7=0000000000000400
CCS=0000000000000000 CCD=000000007fbec420 CCO=EFLAGS
EFER=0000000000000d00
Servicing hardware INT=0x20
   134: v=20 e=0000 i=0 cpl=0 IP=0038:000000007f0a4db1 pc=000000007f0a4db1 SP=0030:000000007fbec428 env->regs[R_EAX]=0000000000000000
RAX=0000000000000000 RBX=0000000000000004 RCX=000000007f0d0e18 RDX=0000000000000000
RSI=00000000ffffffff RDI=000000007fc08630 RBP=000000007fbec4a0 RSP=000000007fbec428
R8 =000000007fc08620 R9 =0000000000000000 R10=000000007fc05c03 R11=000000007e0d8c88
R12=000000007fc11c40 R13=0000000000000010 R14=000000007f0d0e60 R15=000000007fc11b40
RIP=000000007f0a4db1 RFL=00000202 [-------] CPL=0 II=0 A20=1 SMM=0 HLT=0
ES =0030 0000000000000000 ffffffff 00cf9300 DPL=0 DS   [-WA]
CS =0038 0000000000000000 ffffffff 00af9a00 DPL=0 CS64 [-R-]
SS =0030 0000000000000000 ffffffff 00cf9300 DPL=0 DS   [-WA]
DS =0030 0000000000000000 ffffffff 00cf9300 DPL=0 DS   [-WA]
FS =0030 0000000000000000 ffffffff 00cf9300 DPL=0 DS   [-WA]
GS =0030 0000000000000000 ffffffff 00cf9300 DPL=0 DS   [-WA]
LDT=0000 0000000000000000 0000ffff 00008200 DPL=0 LDT
TR =0048 000000007fd2c058 00000067 00008900 DPL=0 TSS64-avl
GDT=     000000007fd2c000 00000057
IDT=     000000007bb8af58 00000fff
CR0=80010033 CR2=0000000000000000 CR3=000000007f401000 CR4=00000668
DR0=0000000000000000 DR1=0000000000000000 DR2=0000000000000000 DR3=0000000000000000 
DR6=00000000ffff0ff0 DR7=0000000000000400
CCS=0000000000000000 CCD=000000007fbec420 CCO=EFLAGS
EFER=0000000000000d00
Servicing hardware INT=0x20
   135: v=20 e=0000 i=0 cpl=0 IP=0038:000000007f0a4db1 pc=000000007f0a4db1 SP=0030:000000007fbec428 env->regs[R_EAX]=0000000000000000
RAX=0000000000000000 RBX=0000000000000004 RCX=000000007f0d0e18 RDX=0000000000000000
RSI=00000000ffffffff RDI=000000007fc08630 RBP=000000007fbec4a0 RSP=000000007fbec428
R8 =000000007fc08620 R9 =0000000000000000 R10=000000007fc05c03 R11=000000007e0d8c88
R12=000000007fc11c40 R13=0000000000000010 R14=000000007f0d0e60 R15=000000007fc11b40
RIP=000000007f0a4db1 RFL=00000202 [-------] CPL=0 II=0 A20=1 SMM=0 HLT=0
ES =0030 0000000000000000 ffffffff 00cf9300 DPL=0 DS   [-WA]
CS =0038 0000000000000000 ffffffff 00af9a00 DPL=0 CS64 [-R-]
SS =0030 0000000000000000 ffffffff 00cf9300 DPL=0 DS   [-WA]
DS =0030 0000000000000000 ffffffff 00cf9300 DPL=0 DS   [-WA]
FS =0030 0000000000000000 ffffffff 00cf9300 DPL=0 DS   [-WA]
GS =0030 0000000000000000 ffffffff 00cf9300 DPL=0 DS   [-WA]
LDT=0000 0000000000000000 0000ffff 00008200 DPL=0 LDT
TR =0048 000000007fd2c058 00000067 00008900 DPL=0 TSS64-avl
GDT=     000000007fd2c000 00000057
IDT=     000000007bb8af58 00000fff
CR0=80010033 CR2=0000000000000000 CR3=000000007f401000 CR4=00000668
DR0=0000000000000000 DR1=0000000000000000 DR2=0000000000000000 DR3=0000000000000000 
DR6=00000000ffff0ff0 DR7=0000000000000400
CCS=0000000000000000 CCD=000000007fbec420 CCO=EFLAGS
EFER=0000000000000d00
Servicing hardware INT=0x20
   136: v=20 e=0000 i=0 cpl=0 IP=0038:000000007f0a4db1 pc=000000007f0a4db1 SP=0030:000000007fbec428 env->regs[R_EAX]=0000000000000000
RAX=0000000000000000 RBX=0000000000000004 RCX=000000007f0d0e18 RDX=0000000000000000
RSI=00000000ffffffff RDI=000000007fc08630 RBP=000000007fbec4a0 RSP=000000007fbec428
R8 =000000007fc08620 R9 =0000000000000000 R10=000000007fc05c03 R11=000000007e0d8c88
R12=000000007fc11c40 R13=0000000000000010 R14=000000007f0d0e60 R15=000000007fc11b40
RIP=000000007f0a4db1 RFL=00000202 [-------] CPL=0 II=0 A20=1 SMM=0 HLT=0
ES =0030 0000000000000000 ffffffff 00cf9300 DPL=0 DS   [-WA]
CS =0038 0000000000000000 ffffffff 00af9a00 DPL=0 CS64 [-R-]
SS =0030 0000000000000000 ffffffff 00cf9300 DPL=0 DS   [-WA]
DS =0030 0000000000000000 ffffffff 00cf9300 DPL=0 DS   [-WA]
FS =0030 0000000000000000 ffffffff 00cf9300 DPL=0 DS   [-WA]
GS =0030 0000000000000000 ffffffff 00cf9300 DPL=0 DS   [-WA]
LDT=0000 0000000000000000 0000ffff 00008200 DPL=0 LDT
TR =0048 000000007fd2c058 00000067 00008900 DPL=0 TSS64-avl
GDT=     000000007fd2c000 00000057
IDT=     000000007bb8af58 00000fff
CR0=80010033 CR2=0000000000000000 CR3=000000007f401000 CR4=00000668
DR0=0000000000000000 DR1=0000000000000000 DR2=0000000000000000 DR3=0000000000000000 
DR6=00000000ffff0ff0 DR7=0000000000000400
CCS=0000000000000000 CCD=000000007fbec420 CCO=EFLAGS
EFER=0000000000000d00
Servicing hardware INT=0x20
   137: v=20 e=0000 i=0 cpl=0 IP=0038:000000007f0a4db1 pc=000000007f0a4db1 SP=0030:000000007fbec428 env->regs[R_EAX]=0000000000000000
RAX=0000000000000000 RBX=0000000000000004 RCX=000000007f0d0e18 RDX=0000000000000000
RSI=00000000ffffffff RDI=000000007fc08630 RBP=000000007fbec4a0 RSP=000000007fbec428
R8 =000000007fc08620 R9 =0000000000000000 R10=000000007fc05c03 R11=000000007e0d8c88
R12=000000007fc11c40 R13=0000000000000010 R14=000000007f0d0e60 R15=000000007fc11b40
RIP=000000007f0a4db1 RFL=00000202 [-------] CPL=0 II=0 A20=1 SMM=0 HLT=0
ES =0030 0000000000000000 ffffffff 00cf9300 DPL=0 DS   [-WA]
CS =0038 0000000000000000 ffffffff 00af9a00 DPL=0 CS64 [-R-]
SS =0030 0000000000000000 ffffffff 00cf9300 DPL=0 DS   [-WA]
DS =0030 0000000000000000 ffffffff 00cf9300 DPL=0 DS   [-WA]
FS =0030 0000000000000000 ffffffff 00cf9300 DPL=0 DS   [-WA]
GS =0030 0000000000000000 ffffffff 00cf9300 DPL=0 DS   [-WA]
LDT=0000 0000000000000000 0000ffff 00008200 DPL=0 LDT
TR =0048 000000007fd2c058 00000067 00008900 DPL=0 TSS64-avl
GDT=     000000007fd2c000 00000057
IDT=     000000007bb8af58 00000fff
CR0=80010033 CR2=0000000000000000 CR3=000000007f401000 CR4=00000668
DR0=0000000000000000 DR1=0000000000000000 DR2=0000000000000000 DR3=0000000000000000 
DR6=00000000ffff0ff0 DR7=0000000000000400
CCS=0000000000000000 CCD=000000007fbec420 CCO=EFLAGS
EFER=0000000000000d00
Servicing hardware INT=0x20
   138: v=20 e=0000 i=0 cpl=0 IP=0038:000000007f0a4db1 pc=000000007f0a4db1 SP=0030:000000007fbec428 env->regs[R_EAX]=0000000000000000
RAX=0000000000000000 RBX=0000000000000004 RCX=000000007f0d0e18 RDX=0000000000000000
RSI=00000000ffffffff RDI=000000007fc08630 RBP=000000007fbec4a0 RSP=000000007fbec428
R8 =000000007fc08620 R9 =0000000000000000 R10=000000007fc05c03 R11=000000007e0d8c88
R12=000000007fc11c40 R13=0000000000000010 R14=000000007f0d0e60 R15=000000007fc11b40
RIP=000000007f0a4db1 RFL=00000202 [-------] CPL=0 II=0 A20=1 SMM=0 HLT=0
ES =0030 0000000000000000 ffffffff 00cf9300 DPL=0 DS   [-WA]
CS =0038 0000000000000000 ffffffff 00af9a00 DPL=0 CS64 [-R-]
SS =0030 0000000000000000 ffffffff 00cf9300 DPL=0 DS   [-WA]
DS =0030 0000000000000000 ffffffff 00cf9300 DPL=0 DS   [-WA]
FS =0030 0000000000000000 ffffffff 00cf9300 DPL=0 DS   [-WA]
GS =0030 0000000000000000 ffffffff 00cf9300 DPL=0 DS   [-WA]
LDT=0000 0000000000000000 0000ffff 00008200 DPL=0 LDT
TR =0048 000000007fd2c058 00000067 00008900 DPL=0 TSS64-avl
GDT=     000000007fd2c000 00000057
IDT=     000000007bb8af58 00000fff
CR0=80010033 CR2=0000000000000000 CR3=000000007f401000 CR4=00000668
DR0=0000000000000000 DR1=0000000000000000 DR2=0000000000000000 DR3=0000000000000000 
DR6=00000000ffff0ff0 DR7=0000000000000400
CCS=0000000000000000 CCD=000000007fbec420 CCO=EFLAGS
EFER=0000000000000d00
Servicing hardware INT=0x20
   139: v=20 e=0000 i=0 cpl=0 IP=0038:000000007f0a4db1 pc=000000007f0a4db1 SP=0030:000000007fbec428 env->regs[R_EAX]=0000000000000000
RAX=0000000000000000 RBX=0000000000000004 RCX=000000007f0d0e18 RDX=0000000000000000
RSI=00000000ffffffff RDI=000000007fc08630 RBP=000000007fbec4a0 RSP=000000007fbec428
R8 =000000007fc08620 R9 =0000000000000000 R10=000000007fc05c03 R11=000000007e0d8c88
R12=000000007fc11c40 R13=0000000000000010 R14=000000007f0d0e60 R15=000000007fc11b40
RIP=000000007f0a4db1 RFL=00000202 [-------] CPL=0 II=0 A20=1 SMM=0 HLT=0
ES =0030 0000000000000000 ffffffff 00cf9300 DPL=0 DS   [-WA]
CS =0038 0000000000000000 ffffffff 00af9a00 DPL=0 CS64 [-R-]
SS =0030 0000000000000000 ffffffff 00cf9300 DPL=0 DS   [-WA]
DS =0030 0000000000000000 ffffffff 00cf9300 DPL=0 DS   [-WA]
FS =0030 0000000000000000 ffffffff 00cf9300 DPL=0 DS   [-WA]
GS =0030 0000000000000000 ffffffff 00cf9300 DPL=0 DS   [-WA]
LDT=0000 0000000000000000 0000ffff 00008200 DPL=0 LDT
TR =0048 000000007fd2c058 00000067 00008900 DPL=0 TSS64-avl
GDT=     000000007fd2c000 00000057
IDT=     000000007bb8af58 00000fff
CR0=80010033 CR2=0000000000000000 CR3=000000007f401000 CR4=00000668
DR0=0000000000000000 DR1=0000000000000000 DR2=0000000000000000 DR3=0000000000000000 
DR6=00000000ffff0ff0 DR7=0000000000000400
CCS=0000000000000000 CCD=000000007fbec420 CCO=EFLAGS
EFER=0000000000000d00
Servicing hardware INT=0x20
   140: v=20 e=0000 i=0 cpl=0 IP=0038:000000007f0a4db1 pc=000000007f0a4db1 SP=0030:000000007fbec428 env->regs[R_EAX]=0000000000000000
RAX=0000000000000000 RBX=0000000000000004 RCX=000000007f0d0e18 RDX=0000000000000000
RSI=00000000ffffffff RDI=000000007fc08630 RBP=000000007fbec4a0 RSP=000000007fbec428
R8 =000000007fc08620 R9 =0000000000000000 R10=000000007fc05c03 R11=000000007e0d8c88
R12=000000007fc11c40 R13=0000000000000010 R14=000000007f0d0e60 R15=000000007fc11b40
RIP=000000007f0a4db1 RFL=00000202 [-------] CPL=0 II=0 A20=1 SMM=0 HLT=0
ES =0030 0000000000000000 ffffffff 00cf9300 DPL=0 DS   [-WA]
CS =0038 0000000000000000 ffffffff 00af9a00 DPL=0 CS64 [-R-]
SS =0030 0000000000000000 ffffffff 00cf9300 DPL=0 DS   [-WA]
DS =0030 0000000000000000 ffffffff 00cf9300 DPL=0 DS   [-WA]
FS =0030 0000000000000000 ffffffff 00cf9300 DPL=0 DS   [-WA]
GS =0030 0000000000000000 ffffffff 00cf9300 DPL=0 DS   [-WA]
LDT=0000 0000000000000000 0000ffff 00008200 DPL=0 LDT
TR =0048 000000007fd2c058 00000067 00008900 DPL=0 TSS64-avl
GDT=     000000007fd2c000 00000057
IDT=     000000007bb8af58 00000fff
CR0=80010033 CR2=0000000000000000 CR3=000000007f401000 CR4=00000668
DR0=0000000000000000 DR1=0000000000000000 DR2=0000000000000000 DR3=0000000000000000 
DR6=00000000ffff0ff0 DR7=0000000000000400
CCS=0000000000000000 CCD=000000007fbec420 CCO=EFLAGS
EFER=0000000000000d00
Servicing hardware INT=0x20
   141: v=20 e=0000 i=0 cpl=0 IP=0038:000000007f0a4db1 pc=000000007f0a4db1 SP=0030:000000007fbec428 env->regs[R_EAX]=0000000000000000
RAX=0000000000000000 RBX=0000000000000004 RCX=000000007f0d0e18 RDX=0000000000000000
RSI=00000000ffffffff RDI=000000007fc08630 RBP=000000007fbec4a0 RSP=000000007fbec428
R8 =000000007fc08620 R9 =0000000000000000 R10=000000007fc05c03 R11=000000007e0d8c88
R12=000000007fc11c40 R13=0000000000000010 R14=000000007f0d0e60 R15=000000007fc11b40
RIP=000000007f0a4db1 RFL=00000202 [-------] CPL=0 II=0 A20=1 SMM=0 HLT=0
ES =0030 0000000000000000 ffffffff 00cf9300 DPL=0 DS   [-WA]
CS =0038 0000000000000000 ffffffff 00af9a00 DPL=0 CS64 [-R-]
SS =0030 0000000000000000 ffffffff 00cf9300 DPL=0 DS   [-WA]
DS =0030 0000000000000000 ffffffff 00cf9300 DPL=0 DS   [-WA]
FS =0030 0000000000000000 ffffffff 00cf9300 DPL=0 DS   [-WA]
GS =0030 0000000000000000 ffffffff 00cf9300 DPL=0 DS   [-WA]
LDT=0000 0000000000000000 0000ffff 00008200 DPL=0 LDT
TR =0048 000000007fd2c058 00000067 00008900 DPL=0 TSS64-avl
GDT=     000000007fd2c000 00000057
IDT=     000000007bb8af58 00000fff
CR0=80010033 CR2=0000000000000000 CR3=000000007f401000 CR4=00000668
DR0=0000000000000000 DR1=0000000000000000 DR2=0000000000000000 DR3=0000000000000000 
DR6=00000000ffff0ff0 DR7=0000000000000400
CCS=0000000000000000 CCD=000000007fbec420 CCO=EFLAGS
EFER=0000000000000d00
Servicing hardware INT=0x20
   142: v=20 e=0000 i=0 cpl=0 IP=0038:000000007f0a4db1 pc=000000007f0a4db1 SP=0030:000000007fbec428 env->regs[R_EAX]=0000000000000000
RAX=0000000000000000 RBX=0000000000000004 RCX=000000007f0d0e18 RDX=0000000000000000
RSI=00000000ffffffff RDI=000000007fc08630 RBP=000000007fbec4a0 RSP=000000007fbec428
R8 =000000007fc08620 R9 =0000000000000000 R10=000000007fc05c03 R11=000000007e0d8c88
R12=000000007fc11c40 R13=0000000000000010 R14=000000007f0d0e60 R15=000000007fc11b40
RIP=000000007f0a4db1 RFL=00000202 [-------] CPL=0 II=0 A20=1 SMM=0 HLT=0
ES =0030 0000000000000000 ffffffff 00cf9300 DPL=0 DS   [-WA]
CS =0038 0000000000000000 ffffffff 00af9a00 DPL=0 CS64 [-R-]
SS =0030 0000000000000000 ffffffff 00cf9300 DPL=0 DS   [-WA]
DS =0030 0000000000000000 ffffffff 00cf9300 DPL=0 DS   [-WA]
FS =0030 0000000000000000 ffffffff 00cf9300 DPL=0 DS   [-WA]
GS =0030 0000000000000000 ffffffff 00cf9300 DPL=0 DS   [-WA]
LDT=0000 0000000000000000 0000ffff 00008200 DPL=0 LDT
TR =0048 000000007fd2c058 00000067 00008900 DPL=0 TSS64-avl
GDT=     000000007fd2c000 00000057
IDT=     000000007bb8af58 00000fff
CR0=80010033 CR2=0000000000000000 CR3=000000007f401000 CR4=00000668
DR0=0000000000000000 DR1=0000000000000000 DR2=0000000000000000 DR3=0000000000000000 
DR6=00000000ffff0ff0 DR7=0000000000000400
CCS=0000000000000000 CCD=000000007fbec420 CCO=EFLAGS
EFER=0000000000000d00
Servicing hardware INT=0x20
   143: v=20 e=0000 i=0 cpl=0 IP=0038:000000007f0a4db1 pc=000000007f0a4db1 SP=0030:000000007fbec428 env->regs[R_EAX]=0000000000000000
RAX=0000000000000000 RBX=0000000000000004 RCX=000000007f0d0e18 RDX=0000000000000000
RSI=00000000ffffffff RDI=000000007fc08630 RBP=000000007fbec4a0 RSP=000000007fbec428
R8 =000000007fc08620 R9 =0000000000000000 R10=000000007fc05c03 R11=000000007e0d8c88
R12=000000007fc11c40 R13=0000000000000010 R14=000000007f0d0e60 R15=000000007fc11b40
RIP=000000007f0a4db1 RFL=00000202 [-------] CPL=0 II=0 A20=1 SMM=0 HLT=0
ES =0030 0000000000000000 ffffffff 00cf9300 DPL=0 DS   [-WA]
CS =0038 0000000000000000 ffffffff 00af9a00 DPL=0 CS64 [-R-]
SS =0030 0000000000000000 ffffffff 00cf9300 DPL=0 DS   [-WA]
DS =0030 0000000000000000 ffffffff 00cf9300 DPL=0 DS   [-WA]
FS =0030 0000000000000000 ffffffff 00cf9300 DPL=0 DS   [-WA]
GS =0030 0000000000000000 ffffffff 00cf9300 DPL=0 DS   [-WA]
LDT=0000 0000000000000000 0000ffff 00008200 DPL=0 LDT
TR =0048 000000007fd2c058 00000067 00008900 DPL=0 TSS64-avl
GDT=     000000007fd2c000 00000057
IDT=     000000007bb8af58 00000fff
CR0=80010033 CR2=0000000000000000 CR3=000000007f401000 CR4=00000668
DR0=0000000000000000 DR1=0000000000000000 DR2=0000000000000000 DR3=0000000000000000 
DR6=00000000ffff0ff0 DR7=0000000000000400
CCS=0000000000000000 CCD=000000007fbec420 CCO=EFLAGS
EFER=0000000000000d00
Servicing hardware INT=0x20
   144: v=20 e=0000 i=0 cpl=0 IP=0038:000000007f0a4db1 pc=000000007f0a4db1 SP=0030:000000007fbec428 env->regs[R_EAX]=0000000000000000
RAX=0000000000000000 RBX=0000000000000004 RCX=000000007f0d0e18 RDX=0000000000000000
RSI=00000000ffffffff RDI=000000007fc08630 RBP=000000007fbec4a0 RSP=000000007fbec428
R8 =000000007fc08620 R9 =0000000000000000 R10=000000007fc05c03 R11=000000007e0d8c88
R12=000000007fc11c40 R13=0000000000000010 R14=000000007f0d0e60 R15=000000007fc11b40
RIP=000000007f0a4db1 RFL=00000202 [-------] CPL=0 II=0 A20=1 SMM=0 HLT=0
ES =0030 0000000000000000 ffffffff 00cf9300 DPL=0 DS   [-WA]
CS =0038 0000000000000000 ffffffff 00af9a00 DPL=0 CS64 [-R-]
SS =0030 0000000000000000 ffffffff 00cf9300 DPL=0 DS   [-WA]
DS =0030 0000000000000000 ffffffff 00cf9300 DPL=0 DS   [-WA]
FS =0030 0000000000000000 ffffffff 00cf9300 DPL=0 DS   [-WA]
GS =0030 0000000000000000 ffffffff 00cf9300 DPL=0 DS   [-WA]
LDT=0000 0000000000000000 0000ffff 00008200 DPL=0 LDT
TR =0048 000000007fd2c058 00000067 00008900 DPL=0 TSS64-avl
GDT=     000000007fd2c000 00000057
IDT=     000000007bb8af58 00000fff
CR0=80010033 CR2=0000000000000000 CR3=000000007f401000 CR4=00000668
DR0=0000000000000000 DR1=0000000000000000 DR2=0000000000000000 DR3=0000000000000000 
DR6=00000000ffff0ff0 DR7=0000000000000400
CCS=0000000000000000 CCD=000000007fbec420 CCO=EFLAGS
EFER=0000000000000d00
Servicing hardware INT=0x20
   145: v=20 e=0000 i=0 cpl=0 IP=0038:000000007f0a4db1 pc=000000007f0a4db1 SP=0030:000000007fbec428 env->regs[R_EAX]=0000000000000000
RAX=0000000000000000 RBX=0000000000000004 RCX=000000007f0d0e18 RDX=0000000000000000
RSI=00000000ffffffff RDI=000000007fc08630 RBP=000000007fbec4a0 RSP=000000007fbec428
R8 =000000007fc08620 R9 =0000000000000000 R10=000000007fc05c03 R11=000000007e0d8c88
R12=000000007fc11c40 R13=0000000000000010 R14=000000007f0d0e60 R15=000000007fc11b40
RIP=000000007f0a4db1 RFL=00000202 [-------] CPL=0 II=0 A20=1 SMM=0 HLT=0
ES =0030 0000000000000000 ffffffff 00cf9300 DPL=0 DS   [-WA]
CS =0038 0000000000000000 ffffffff 00af9a00 DPL=0 CS64 [-R-]
SS =0030 0000000000000000 ffffffff 00cf9300 DPL=0 DS   [-WA]
DS =0030 0000000000000000 ffffffff 00cf9300 DPL=0 DS   [-WA]
FS =0030 0000000000000000 ffffffff 00cf9300 DPL=0 DS   [-WA]
GS =0030 0000000000000000 ffffffff 00cf9300 DPL=0 DS   [-WA]
LDT=0000 0000000000000000 0000ffff 00008200 DPL=0 LDT
TR =0048 000000007fd2c058 00000067 00008900 DPL=0 TSS64-avl
GDT=     000000007fd2c000 00000057
IDT=     000000007bb8af58 00000fff
CR0=80010033 CR2=0000000000000000 CR3=000000007f401000 CR4=00000668
DR0=0000000000000000 DR1=0000000000000000 DR2=0000000000000000 DR3=0000000000000000 
DR6=00000000ffff0ff0 DR7=0000000000000400
CCS=0000000000000000 CCD=000000007fbec420 CCO=EFLAGS
EFER=0000000000000d00
Servicing hardware INT=0x20
   146: v=20 e=0000 i=0 cpl=0 IP=0038:000000007f0a4db1 pc=000000007f0a4db1 SP=0030:000000007fbec428 env->regs[R_EAX]=0000000000000000
RAX=0000000000000000 RBX=0000000000000004 RCX=000000007f0d0e18 RDX=0000000000000000
RSI=00000000ffffffff RDI=000000007fc08630 RBP=000000007fbec4a0 RSP=000000007fbec428
R8 =000000007fc08620 R9 =0000000000000000 R10=000000007fc05c03 R11=000000007e0d8c88
R12=000000007fc11c40 R13=0000000000000010 R14=000000007f0d0e60 R15=000000007fc11b40
RIP=000000007f0a4db1 RFL=00000202 [-------] CPL=0 II=0 A20=1 SMM=0 HLT=0
ES =0030 0000000000000000 ffffffff 00cf9300 DPL=0 DS   [-WA]
CS =0038 0000000000000000 ffffffff 00af9a00 DPL=0 CS64 [-R-]
SS =0030 0000000000000000 ffffffff 00cf9300 DPL=0 DS   [-WA]
DS =0030 0000000000000000 ffffffff 00cf9300 DPL=0 DS   [-WA]
FS =0030 0000000000000000 ffffffff 00cf9300 DPL=0 DS   [-WA]
GS =0030 0000000000000000 ffffffff 00cf9300 DPL=0 DS   [-WA]
LDT=0000 0000000000000000 0000ffff 00008200 DPL=0 LDT
TR =0048 000000007fd2c058 00000067 00008900 DPL=0 TSS64-avl
GDT=     000000007fd2c000 00000057
IDT=     000000007bb8af58 00000fff
CR0=80010033 CR2=0000000000000000 CR3=000000007f401000 CR4=00000668
DR0=0000000000000000 DR1=0000000000000000 DR2=0000000000000000 DR3=0000000000000000 
DR6=00000000ffff0ff0 DR7=0000000000000400
CCS=0000000000000000 CCD=000000007fbec420 CCO=EFLAGS
EFER=0000000000000d00
Servicing hardware INT=0x20
   147: v=20 e=0000 i=0 cpl=0 IP=0038:000000007f0a4db1 pc=000000007f0a4db1 SP=0030:000000007fbec428 env->regs[R_EAX]=0000000000000000
RAX=0000000000000000 RBX=0000000000000004 RCX=000000007f0d0e18 RDX=0000000000000000
RSI=00000000ffffffff RDI=000000007fc08630 RBP=000000007fbec4a0 RSP=000000007fbec428
R8 =000000007fc08620 R9 =0000000000000000 R10=000000007fc05c03 R11=000000007e0d8c88
R12=000000007fc11c40 R13=0000000000000010 R14=000000007f0d0e60 R15=000000007fc11b40
RIP=000000007f0a4db1 RFL=00000202 [-------] CPL=0 II=0 A20=1 SMM=0 HLT=0
ES =0030 0000000000000000 ffffffff 00cf9300 DPL=0 DS   [-WA]
CS =0038 0000000000000000 ffffffff 00af9a00 DPL=0 CS64 [-R-]
SS =0030 0000000000000000 ffffffff 00cf9300 DPL=0 DS   [-WA]
DS =0030 0000000000000000 ffffffff 00cf9300 DPL=0 DS   [-WA]
FS =0030 0000000000000000 ffffffff 00cf9300 DPL=0 DS   [-WA]
GS =0030 0000000000000000 ffffffff 00cf9300 DPL=0 DS   [-WA]
LDT=0000 0000000000000000 0000ffff 00008200 DPL=0 LDT
TR =0048 000000007fd2c058 00000067 00008900 DPL=0 TSS64-avl
GDT=     000000007fd2c000 00000057
IDT=     000000007bb8af58 00000fff
CR0=80010033 CR2=0000000000000000 CR3=000000007f401000 CR4=00000668
DR0=0000000000000000 DR1=0000000000000000 DR2=0000000000000000 DR3=0000000000000000 
DR6=00000000ffff0ff0 DR7=0000000000000400
CCS=0000000000000000 CCD=000000007fbec420 CCO=EFLAGS
EFER=0000000000000d00
Servicing hardware INT=0x20
   148: v=20 e=0000 i=0 cpl=0 IP=0038:000000007f0a4db1 pc=000000007f0a4db1 SP=0030:000000007fbec428 env->regs[R_EAX]=0000000000000000
RAX=0000000000000000 RBX=0000000000000004 RCX=000000007f0d0e18 RDX=0000000000000000
RSI=00000000ffffffff RDI=000000007fc08630 RBP=000000007fbec4a0 RSP=000000007fbec428
R8 =000000007fc08620 R9 =0000000000000000 R10=000000007fc05c03 R11=000000007e0d8c88
R12=000000007fc11c40 R13=0000000000000010 R14=000000007f0d0e60 R15=000000007fc11b40
RIP=000000007f0a4db1 RFL=00000202 [-------] CPL=0 II=0 A20=1 SMM=0 HLT=0
ES =0030 0000000000000000 ffffffff 00cf9300 DPL=0 DS   [-WA]
CS =0038 0000000000000000 ffffffff 00af9a00 DPL=0 CS64 [-R-]
SS =0030 0000000000000000 ffffffff 00cf9300 DPL=0 DS   [-WA]
DS =0030 0000000000000000 ffffffff 00cf9300 DPL=0 DS   [-WA]
FS =0030 0000000000000000 ffffffff 00cf9300 DPL=0 DS   [-WA]
GS =0030 0000000000000000 ffffffff 00cf9300 DPL=0 DS   [-WA]
LDT=0000 0000000000000000 0000ffff 00008200 DPL=0 LDT
TR =0048 000000007fd2c058 00000067 00008900 DPL=0 TSS64-avl
GDT=     000000007fd2c000 00000057
IDT=     000000007bb8af58 00000fff
CR0=80010033 CR2=0000000000000000 CR3=000000007f401000 CR4=00000668
DR0=0000000000000000 DR1=0000000000000000 DR2=0000000000000000 DR3=0000000000000000 
DR6=00000000ffff0ff0 DR7=0000000000000400
CCS=0000000000000000 CCD=000000007fbec420 CCO=EFLAGS
EFER=0000000000000d00
Servicing hardware INT=0x20
   149: v=20 e=0000 i=0 cpl=0 IP=0038:000000007f0a4db1 pc=000000007f0a4db1 SP=0030:000000007fbec428 env->regs[R_EAX]=0000000000000000
RAX=0000000000000000 RBX=0000000000000004 RCX=000000007f0d0e18 RDX=0000000000000000
RSI=00000000ffffffff RDI=000000007fc08630 RBP=000000007fbec4a0 RSP=000000007fbec428
R8 =000000007fc08620 R9 =0000000000000000 R10=000000007fc05c03 R11=000000007e0d8c88
R12=000000007fc11c40 R13=0000000000000010 R14=000000007f0d0e60 R15=000000007fc11b40
RIP=000000007f0a4db1 RFL=00000202 [-------] CPL=0 II=0 A20=1 SMM=0 HLT=0
ES =0030 0000000000000000 ffffffff 00cf9300 DPL=0 DS   [-WA]
CS =0038 0000000000000000 ffffffff 00af9a00 DPL=0 CS64 [-R-]
SS =0030 0000000000000000 ffffffff 00cf9300 DPL=0 DS   [-WA]
DS =0030 0000000000000000 ffffffff 00cf9300 DPL=0 DS   [-WA]
FS =0030 0000000000000000 ffffffff 00cf9300 DPL=0 DS   [-WA]
GS =0030 0000000000000000 ffffffff 00cf9300 DPL=0 DS   [-WA]
LDT=0000 0000000000000000 0000ffff 00008200 DPL=0 LDT
TR =0048 000000007fd2c058 00000067 00008900 DPL=0 TSS64-avl
GDT=     000000007fd2c000 00000057
IDT=     000000007bb8af58 00000fff
CR0=80010033 CR2=0000000000000000 CR3=000000007f401000 CR4=00000668
DR0=0000000000000000 DR1=0000000000000000 DR2=0000000000000000 DR3=0000000000000000 
DR6=00000000ffff0ff0 DR7=0000000000000400
CCS=0000000000000000 CCD=000000007fbec420 CCO=EFLAGS
EFER=0000000000000d00
Servicing hardware INT=0x20
   150: v=20 e=0000 i=0 cpl=0 IP=0038:000000007f0a4db1 pc=000000007f0a4db1 SP=0030:000000007fbec428 env->regs[R_EAX]=0000000000000000
RAX=0000000000000000 RBX=0000000000000004 RCX=000000007f0d0e18 RDX=0000000000000000
RSI=00000000ffffffff RDI=000000007fc08630 RBP=000000007fbec4a0 RSP=000000007fbec428
R8 =000000007fc08620 R9 =0000000000000000 R10=000000007fc05c03 R11=000000007e0d8c88
R12=000000007fc11c40 R13=0000000000000010 R14=000000007f0d0e60 R15=000000007fc11b40
RIP=000000007f0a4db1 RFL=00000202 [-------] CPL=0 II=0 A20=1 SMM=0 HLT=0
ES =0030 0000000000000000 ffffffff 00cf9300 DPL=0 DS   [-WA]
CS =0038 0000000000000000 ffffffff 00af9a00 DPL=0 CS64 [-R-]
SS =0030 0000000000000000 ffffffff 00cf9300 DPL=0 DS   [-WA]
DS =0030 0000000000000000 ffffffff 00cf9300 DPL=0 DS   [-WA]
FS =0030 0000000000000000 ffffffff 00cf9300 DPL=0 DS   [-WA]
GS =0030 0000000000000000 ffffffff 00cf9300 DPL=0 DS   [-WA]
LDT=0000 0000000000000000 0000ffff 00008200 DPL=0 LDT
TR =0048 000000007fd2c058 00000067 00008900 DPL=0 TSS64-avl
GDT=     000000007fd2c000 00000057
IDT=     000000007bb8af58 00000fff
CR0=80010033 CR2=0000000000000000 CR3=000000007f401000 CR4=00000668
DR0=0000000000000000 DR1=0000000000000000 DR2=0000000000000000 DR3=0000000000000000 
DR6=00000000ffff0ff0 DR7=0000000000000400
CCS=0000000000000000 CCD=000000007fbec420 CCO=EFLAGS
EFER=0000000000000d00
Servicing hardware INT=0x20
   151: v=20 e=0000 i=0 cpl=0 IP=0038:000000007f0a4db1 pc=000000007f0a4db1 SP=0030:000000007fbec428 env->regs[R_EAX]=0000000000000000
RAX=0000000000000000 RBX=0000000000000004 RCX=000000007f0d0e18 RDX=0000000000000000
RSI=00000000ffffffff RDI=000000007fc08630 RBP=000000007fbec4a0 RSP=000000007fbec428
R8 =000000007fc08620 R9 =0000000000000000 R10=000000007fc05c03 R11=000000007e0d8c88
R12=000000007fc11c40 R13=0000000000000010 R14=000000007f0d0e60 R15=000000007fc11b40
RIP=000000007f0a4db1 RFL=00000202 [-------] CPL=0 II=0 A20=1 SMM=0 HLT=0
ES =0030 0000000000000000 ffffffff 00cf9300 DPL=0 DS   [-WA]
CS =0038 0000000000000000 ffffffff 00af9a00 DPL=0 CS64 [-R-]
SS =0030 0000000000000000 ffffffff 00cf9300 DPL=0 DS   [-WA]
DS =0030 0000000000000000 ffffffff 00cf9300 DPL=0 DS   [-WA]
FS =0030 0000000000000000 ffffffff 00cf9300 DPL=0 DS   [-WA]
GS =0030 0000000000000000 ffffffff 00cf9300 DPL=0 DS   [-WA]
LDT=0000 0000000000000000 0000ffff 00008200 DPL=0 LDT
TR =0048 000000007fd2c058 00000067 00008900 DPL=0 TSS64-avl
GDT=     000000007fd2c000 00000057
IDT=     000000007bb8af58 00000fff
CR0=80010033 CR2=0000000000000000 CR3=000000007f401000 CR4=00000668
DR0=0000000000000000 DR1=0000000000000000 DR2=0000000000000000 DR3=0000000000000000 
DR6=00000000ffff0ff0 DR7=0000000000000400
CCS=0000000000000000 CCD=000000007fbec420 CCO=EFLAGS
EFER=0000000000000d00
Servicing hardware INT=0x20
   152: v=20 e=0000 i=0 cpl=0 IP=0038:000000007f0a4db1 pc=000000007f0a4db1 SP=0030:000000007fbec428 env->regs[R_EAX]=0000000000000000
RAX=0000000000000000 RBX=0000000000000004 RCX=000000007f0d0e18 RDX=0000000000000000
RSI=00000000ffffffff RDI=000000007fc08630 RBP=000000007fbec4a0 RSP=000000007fbec428
R8 =000000007fc08620 R9 =0000000000000000 R10=000000007fc05c03 R11=000000007e0d8c88
R12=000000007fc11c40 R13=0000000000000010 R14=000000007f0d0e60 R15=000000007fc11b40
RIP=000000007f0a4db1 RFL=00000202 [-------] CPL=0 II=0 A20=1 SMM=0 HLT=0
ES =0030 0000000000000000 ffffffff 00cf9300 DPL=0 DS   [-WA]
CS =0038 0000000000000000 ffffffff 00af9a00 DPL=0 CS64 [-R-]
SS =0030 0000000000000000 ffffffff 00cf9300 DPL=0 DS   [-WA]
DS =0030 0000000000000000 ffffffff 00cf9300 DPL=0 DS   [-WA]
FS =0030 0000000000000000 ffffffff 00cf9300 DPL=0 DS   [-WA]
GS =0030 0000000000000000 ffffffff 00cf9300 DPL=0 DS   [-WA]
LDT=0000 0000000000000000 0000ffff 00008200 DPL=0 LDT
TR =0048 000000007fd2c058 00000067 00008900 DPL=0 TSS64-avl
GDT=     000000007fd2c000 00000057
IDT=     000000007bb8af58 00000fff
CR0=80010033 CR2=0000000000000000 CR3=000000007f401000 CR4=00000668
DR0=0000000000000000 DR1=0000000000000000 DR2=0000000000000000 DR3=0000000000000000 
DR6=00000000ffff0ff0 DR7=0000000000000400
CCS=0000000000000000 CCD=000000007fbec420 CCO=EFLAGS
EFER=0000000000000d00
Servicing hardware INT=0x20
   153: v=20 e=0000 i=0 cpl=0 IP=0038:000000007f0a4db1 pc=000000007f0a4db1 SP=0030:000000007fbec428 env->regs[R_EAX]=0000000000000000
RAX=0000000000000000 RBX=0000000000000004 RCX=000000007f0d0e18 RDX=0000000000000000
RSI=00000000ffffffff RDI=000000007fc08630 RBP=000000007fbec4a0 RSP=000000007fbec428
R8 =000000007fc08620 R9 =0000000000000000 R10=000000007fc05c03 R11=000000007e0d8c88
R12=000000007fc11c40 R13=0000000000000010 R14=000000007f0d0e60 R15=000000007fc11b40
RIP=000000007f0a4db1 RFL=00000202 [-------] CPL=0 II=0 A20=1 SMM=0 HLT=0
ES =0030 0000000000000000 ffffffff 00cf9300 DPL=0 DS   [-WA]
CS =0038 0000000000000000 ffffffff 00af9a00 DPL=0 CS64 [-R-]
SS =0030 0000000000000000 ffffffff 00cf9300 DPL=0 DS   [-WA]
DS =0030 0000000000000000 ffffffff 00cf9300 DPL=0 DS   [-WA]
FS =0030 0000000000000000 ffffffff 00cf9300 DPL=0 DS   [-WA]
GS =0030 0000000000000000 ffffffff 00cf9300 DPL=0 DS   [-WA]
LDT=0000 0000000000000000 0000ffff 00008200 DPL=0 LDT
TR =0048 000000007fd2c058 00000067 00008900 DPL=0 TSS64-avl
GDT=     000000007fd2c000 00000057
IDT=     000000007bb8af58 00000fff
CR0=80010033 CR2=0000000000000000 CR3=000000007f401000 CR4=00000668
DR0=0000000000000000 DR1=0000000000000000 DR2=0000000000000000 DR3=0000000000000000 
DR6=00000000ffff0ff0 DR7=0000000000000400
CCS=0000000000000000 CCD=000000007fbec420 CCO=EFLAGS
EFER=0000000000000d00
Servicing hardware INT=0x20
   154: v=20 e=0000 i=0 cpl=0 IP=0038:000000007f0a4db1 pc=000000007f0a4db1 SP=0030:000000007fbec428 env->regs[R_EAX]=0000000000000000
RAX=0000000000000000 RBX=0000000000000004 RCX=000000007f0d0e18 RDX=0000000000000000
RSI=00000000ffffffff RDI=000000007fc08630 RBP=000000007fbec4a0 RSP=000000007fbec428
R8 =000000007fc08620 R9 =0000000000000000 R10=000000007fc05c03 R11=000000007e0d8c88
R12=000000007fc11c40 R13=0000000000000010 R14=000000007f0d0e60 R15=000000007fc11b40
RIP=000000007f0a4db1 RFL=00000202 [-------] CPL=0 II=0 A20=1 SMM=0 HLT=0
ES =0030 0000000000000000 ffffffff 00cf9300 DPL=0 DS   [-WA]
CS =0038 0000000000000000 ffffffff 00af9a00 DPL=0 CS64 [-R-]
SS =0030 0000000000000000 ffffffff 00cf9300 DPL=0 DS   [-WA]
DS =0030 0000000000000000 ffffffff 00cf9300 DPL=0 DS   [-WA]
FS =0030 0000000000000000 ffffffff 00cf9300 DPL=0 DS   [-WA]
GS =0030 0000000000000000 ffffffff 00cf9300 DPL=0 DS   [-WA]
LDT=0000 0000000000000000 0000ffff 00008200 DPL=0 LDT
TR =0048 000000007fd2c058 00000067 00008900 DPL=0 TSS64-avl
GDT=     000000007fd2c000 00000057
IDT=     000000007bb8af58 00000fff
CR0=80010033 CR2=0000000000000000 CR3=000000007f401000 CR4=00000668
DR0=0000000000000000 DR1=0000000000000000 DR2=0000000000000000 DR3=0000000000000000 
DR6=00000000ffff0ff0 DR7=0000000000000400
CCS=0000000000000000 CCD=000000007fbec420 CCO=EFLAGS
EFER=0000000000000d00
Servicing hardware INT=0x20
   155: v=20 e=0000 i=0 cpl=0 IP=0038:000000007f0a4db1 pc=000000007f0a4db1 SP=0030:000000007fbec428 env->regs[R_EAX]=0000000000000000
RAX=0000000000000000 RBX=0000000000000004 RCX=000000007f0d0e18 RDX=0000000000000000
RSI=00000000ffffffff RDI=000000007fc08630 RBP=000000007fbec4a0 RSP=000000007fbec428
R8 =000000007fc08620 R9 =0000000000000000 R10=000000007fc05c03 R11=000000007e0d8c88
R12=000000007fc11c40 R13=0000000000000010 R14=000000007f0d0e60 R15=000000007fc11b40
RIP=000000007f0a4db1 RFL=00000202 [-------] CPL=0 II=0 A20=1 SMM=0 HLT=0
ES =0030 0000000000000000 ffffffff 00cf9300 DPL=0 DS   [-WA]
CS =0038 0000000000000000 ffffffff 00af9a00 DPL=0 CS64 [-R-]
SS =0030 0000000000000000 ffffffff 00cf9300 DPL=0 DS   [-WA]
DS =0030 0000000000000000 ffffffff 00cf9300 DPL=0 DS   [-WA]
FS =0030 0000000000000000 ffffffff 00cf9300 DPL=0 DS   [-WA]
GS =0030 0000000000000000 ffffffff 00cf9300 DPL=0 DS   [-WA]
LDT=0000 0000000000000000 0000ffff 00008200 DPL=0 LDT
TR =0048 000000007fd2c058 00000067 00008900 DPL=0 TSS64-avl
GDT=     000000007fd2c000 00000057
IDT=     000000007bb8af58 00000fff
CR0=80010033 CR2=0000000000000000 CR3=000000007f401000 CR4=00000668
DR0=0000000000000000 DR1=0000000000000000 DR2=0000000000000000 DR3=0000000000000000 
DR6=00000000ffff0ff0 DR7=0000000000000400
CCS=0000000000000000 CCD=000000007fbec420 CCO=EFLAGS
EFER=0000000000000d00
Servicing hardware INT=0x20
   156: v=20 e=0000 i=0 cpl=0 IP=0038:000000007f0a4db1 pc=000000007f0a4db1 SP=0030:000000007fbec428 env->regs[R_EAX]=0000000000000000
RAX=0000000000000000 RBX=0000000000000004 RCX=000000007f0d0e18 RDX=0000000000000000
RSI=00000000ffffffff RDI=000000007fc08630 RBP=000000007fbec4a0 RSP=000000007fbec428
R8 =000000007fc08620 R9 =0000000000000000 R10=000000007fc05c03 R11=000000007e0d8c88
R12=000000007fc11c40 R13=0000000000000010 R14=000000007f0d0e60 R15=000000007fc11b40
RIP=000000007f0a4db1 RFL=00000202 [-------] CPL=0 II=0 A20=1 SMM=0 HLT=0
ES =0030 0000000000000000 ffffffff 00cf9300 DPL=0 DS   [-WA]
CS =0038 0000000000000000 ffffffff 00af9a00 DPL=0 CS64 [-R-]
SS =0030 0000000000000000 ffffffff 00cf9300 DPL=0 DS   [-WA]
DS =0030 0000000000000000 ffffffff 00cf9300 DPL=0 DS   [-WA]
FS =0030 0000000000000000 ffffffff 00cf9300 DPL=0 DS   [-WA]
GS =0030 0000000000000000 ffffffff 00cf9300 DPL=0 DS   [-WA]
LDT=0000 0000000000000000 0000ffff 00008200 DPL=0 LDT
TR =0048 000000007fd2c058 00000067 00008900 DPL=0 TSS64-avl
GDT=     000000007fd2c000 00000057
IDT=     000000007bb8af58 00000fff
CR0=80010033 CR2=0000000000000000 CR3=000000007f401000 CR4=00000668
DR0=0000000000000000 DR1=0000000000000000 DR2=0000000000000000 DR3=0000000000000000 
DR6=00000000ffff0ff0 DR7=0000000000000400
CCS=0000000000000000 CCD=000000007fbec420 CCO=EFLAGS
EFER=0000000000000d00
Servicing hardware INT=0x20
   157: v=20 e=0000 i=0 cpl=0 IP=0038:000000007f0a4db1 pc=000000007f0a4db1 SP=0030:000000007fbec428 env->regs[R_EAX]=0000000000000000
RAX=0000000000000000 RBX=0000000000000004 RCX=000000007f0d0e18 RDX=0000000000000000
RSI=00000000ffffffff RDI=000000007fc08630 RBP=000000007fbec4a0 RSP=000000007fbec428
R8 =000000007fc08620 R9 =0000000000000000 R10=000000007fc05c03 R11=000000007e0d8c88
R12=000000007fc11c40 R13=0000000000000010 R14=000000007f0d0e60 R15=000000007fc11b40
RIP=000000007f0a4db1 RFL=00000202 [-------] CPL=0 II=0 A20=1 SMM=0 HLT=0
ES =0030 0000000000000000 ffffffff 00cf9300 DPL=0 DS   [-WA]
CS =0038 0000000000000000 ffffffff 00af9a00 DPL=0 CS64 [-R-]
SS =0030 0000000000000000 ffffffff 00cf9300 DPL=0 DS   [-WA]
DS =0030 0000000000000000 ffffffff 00cf9300 DPL=0 DS   [-WA]
FS =0030 0000000000000000 ffffffff 00cf9300 DPL=0 DS   [-WA]
GS =0030 0000000000000000 ffffffff 00cf9300 DPL=0 DS   [-WA]
LDT=0000 0000000000000000 0000ffff 00008200 DPL=0 LDT
TR =0048 000000007fd2c058 00000067 00008900 DPL=0 TSS64-avl
GDT=     000000007fd2c000 00000057
IDT=     000000007bb8af58 00000fff
CR0=80010033 CR2=0000000000000000 CR3=000000007f401000 CR4=00000668
DR0=0000000000000000 DR1=0000000000000000 DR2=0000000000000000 DR3=0000000000000000 
DR6=00000000ffff0ff0 DR7=0000000000000400
CCS=0000000000000000 CCD=000000007fbec420 CCO=EFLAGS
EFER=0000000000000d00
Servicing hardware INT=0x20
   158: v=20 e=0000 i=0 cpl=0 IP=0038:000000007f0a4db1 pc=000000007f0a4db1 SP=0030:000000007fbec428 env->regs[R_EAX]=0000000000000000
RAX=0000000000000000 RBX=0000000000000004 RCX=000000007f0d0e18 RDX=0000000000000000
RSI=00000000ffffffff RDI=000000007fc08630 RBP=000000007fbec4a0 RSP=000000007fbec428
R8 =000000007fc08620 R9 =0000000000000000 R10=000000007fc05c03 R11=000000007e0d8c88
R12=000000007fc11c40 R13=0000000000000010 R14=000000007f0d0e60 R15=000000007fc11b40
RIP=000000007f0a4db1 RFL=00000202 [-------] CPL=0 II=0 A20=1 SMM=0 HLT=0
ES =0030 0000000000000000 ffffffff 00cf9300 DPL=0 DS   [-WA]
CS =0038 0000000000000000 ffffffff 00af9a00 DPL=0 CS64 [-R-]
SS =0030 0000000000000000 ffffffff 00cf9300 DPL=0 DS   [-WA]
DS =0030 0000000000000000 ffffffff 00cf9300 DPL=0 DS   [-WA]
FS =0030 0000000000000000 ffffffff 00cf9300 DPL=0 DS   [-WA]
GS =0030 0000000000000000 ffffffff 00cf9300 DPL=0 DS   [-WA]
LDT=0000 0000000000000000 0000ffff 00008200 DPL=0 LDT
TR =0048 000000007fd2c058 00000067 00008900 DPL=0 TSS64-avl
GDT=     000000007fd2c000 00000057
IDT=     000000007bb8af58 00000fff
CR0=80010033 CR2=0000000000000000 CR3=000000007f401000 CR4=00000668
DR0=0000000000000000 DR1=0000000000000000 DR2=0000000000000000 DR3=0000000000000000 
DR6=00000000ffff0ff0 DR7=0000000000000400
CCS=0000000000000000 CCD=000000007fbec420 CCO=EFLAGS
EFER=0000000000000d00
Servicing hardware INT=0x20
   159: v=20 e=0000 i=0 cpl=0 IP=0038:000000007f0a4db1 pc=000000007f0a4db1 SP=0030:000000007fbec428 env->regs[R_EAX]=0000000000000000
RAX=0000000000000000 RBX=0000000000000004 RCX=000000007f0d0e18 RDX=0000000000000000
RSI=00000000ffffffff RDI=000000007fc08630 RBP=000000007fbec4a0 RSP=000000007fbec428
R8 =000000007fc08620 R9 =0000000000000000 R10=000000007fc05c03 R11=000000007e0d8c88
R12=000000007fc11c40 R13=0000000000000010 R14=000000007f0d0e60 R15=000000007fc11b40
RIP=000000007f0a4db1 RFL=00000202 [-------] CPL=0 II=0 A20=1 SMM=0 HLT=0
ES =0030 0000000000000000 ffffffff 00cf9300 DPL=0 DS   [-WA]
CS =0038 0000000000000000 ffffffff 00af9a00 DPL=0 CS64 [-R-]
SS =0030 0000000000000000 ffffffff 00cf9300 DPL=0 DS   [-WA]
DS =0030 0000000000000000 ffffffff 00cf9300 DPL=0 DS   [-WA]
FS =0030 0000000000000000 ffffffff 00cf9300 DPL=0 DS   [-WA]
GS =0030 0000000000000000 ffffffff 00cf9300 DPL=0 DS   [-WA]
LDT=0000 0000000000000000 0000ffff 00008200 DPL=0 LDT
TR =0048 000000007fd2c058 00000067 00008900 DPL=0 TSS64-avl
GDT=     000000007fd2c000 00000057
IDT=     000000007bb8af58 00000fff
CR0=80010033 CR2=0000000000000000 CR3=000000007f401000 CR4=00000668
DR0=0000000000000000 DR1=0000000000000000 DR2=0000000000000000 DR3=0000000000000000 
DR6=00000000ffff0ff0 DR7=0000000000000400
CCS=0000000000000000 CCD=000000007fbec420 CCO=EFLAGS
EFER=0000000000000d00
Servicing hardware INT=0x20
   160: v=20 e=0000 i=0 cpl=0 IP=0038:000000007f0a4db1 pc=000000007f0a4db1 SP=0030:000000007fbec428 env->regs[R_EAX]=0000000000000000
RAX=0000000000000000 RBX=0000000000000004 RCX=000000007f0d0e18 RDX=0000000000000000
RSI=00000000ffffffff RDI=000000007fc08630 RBP=000000007fbec4a0 RSP=000000007fbec428
R8 =000000007fc08620 R9 =0000000000000000 R10=000000007fc05c03 R11=000000007e0d8c88
R12=000000007fc11c40 R13=0000000000000010 R14=000000007f0d0e60 R15=000000007fc11b40
RIP=000000007f0a4db1 RFL=00000202 [-------] CPL=0 II=0 A20=1 SMM=0 HLT=0
ES =0030 0000000000000000 ffffffff 00cf9300 DPL=0 DS   [-WA]
CS =0038 0000000000000000 ffffffff 00af9a00 DPL=0 CS64 [-R-]
SS =0030 0000000000000000 ffffffff 00cf9300 DPL=0 DS   [-WA]
DS =0030 0000000000000000 ffffffff 00cf9300 DPL=0 DS   [-WA]
FS =0030 0000000000000000 ffffffff 00cf9300 DPL=0 DS   [-WA]
GS =0030 0000000000000000 ffffffff 00cf9300 DPL=0 DS   [-WA]
LDT=0000 0000000000000000 0000ffff 00008200 DPL=0 LDT
TR =0048 000000007fd2c058 00000067 00008900 DPL=0 TSS64-avl
GDT=     000000007fd2c000 00000057
IDT=     000000007bb8af58 00000fff
CR0=80010033 CR2=0000000000000000 CR3=000000007f401000 CR4=00000668
DR0=0000000000000000 DR1=0000000000000000 DR2=0000000000000000 DR3=0000000000000000 
DR6=00000000ffff0ff0 DR7=0000000000000400
CCS=0000000000000000 CCD=000000007fbec420 CCO=EFLAGS
EFER=0000000000000d00
Servicing hardware INT=0x20
   161: v=20 e=0000 i=0 cpl=0 IP=0038:000000007f0a4db1 pc=000000007f0a4db1 SP=0030:000000007fbec428 env->regs[R_EAX]=0000000000000000
RAX=0000000000000000 RBX=0000000000000004 RCX=000000007f0d0e18 RDX=0000000000000000
RSI=00000000ffffffff RDI=000000007fc08630 RBP=000000007fbec4a0 RSP=000000007fbec428
R8 =000000007fc08620 R9 =0000000000000000 R10=000000007fc05c03 R11=000000007e0d8c88
R12=000000007fc11c40 R13=0000000000000010 R14=000000007f0d0e60 R15=000000007fc11b40
RIP=000000007f0a4db1 RFL=00000202 [-------] CPL=0 II=0 A20=1 SMM=0 HLT=0
ES =0030 0000000000000000 ffffffff 00cf9300 DPL=0 DS   [-WA]
CS =0038 0000000000000000 ffffffff 00af9a00 DPL=0 CS64 [-R-]
SS =0030 0000000000000000 ffffffff 00cf9300 DPL=0 DS   [-WA]
DS =0030 0000000000000000 ffffffff 00cf9300 DPL=0 DS   [-WA]
FS =0030 0000000000000000 ffffffff 00cf9300 DPL=0 DS   [-WA]
GS =0030 0000000000000000 ffffffff 00cf9300 DPL=0 DS   [-WA]
LDT=0000 0000000000000000 0000ffff 00008200 DPL=0 LDT
TR =0048 000000007fd2c058 00000067 00008900 DPL=0 TSS64-avl
GDT=     000000007fd2c000 00000057
IDT=     000000007bb8af58 00000fff
CR0=80010033 CR2=0000000000000000 CR3=000000007f401000 CR4=00000668
DR0=0000000000000000 DR1=0000000000000000 DR2=0000000000000000 DR3=0000000000000000 
DR6=00000000ffff0ff0 DR7=0000000000000400
CCS=0000000000000000 CCD=000000007fbec420 CCO=EFLAGS
EFER=0000000000000d00
Servicing hardware INT=0x20
   162: v=20 e=0000 i=0 cpl=0 IP=0038:000000007f0a4db1 pc=000000007f0a4db1 SP=0030:000000007fbec428 env->regs[R_EAX]=0000000000000000
RAX=0000000000000000 RBX=0000000000000004 RCX=000000007f0d0e18 RDX=0000000000000000
RSI=00000000ffffffff RDI=000000007fc08630 RBP=000000007fbec4a0 RSP=000000007fbec428
R8 =000000007fc08620 R9 =0000000000000000 R10=000000007fc05c03 R11=000000007e0d8c88
R12=000000007fc11c40 R13=0000000000000010 R14=000000007f0d0e60 R15=000000007fc11b40
RIP=000000007f0a4db1 RFL=00000202 [-------] CPL=0 II=0 A20=1 SMM=0 HLT=0
ES =0030 0000000000000000 ffffffff 00cf9300 DPL=0 DS   [-WA]
CS =0038 0000000000000000 ffffffff 00af9a00 DPL=0 CS64 [-R-]
SS =0030 0000000000000000 ffffffff 00cf9300 DPL=0 DS   [-WA]
DS =0030 0000000000000000 ffffffff 00cf9300 DPL=0 DS   [-WA]
FS =0030 0000000000000000 ffffffff 00cf9300 DPL=0 DS   [-WA]
GS =0030 0000000000000000 ffffffff 00cf9300 DPL=0 DS   [-WA]
LDT=0000 0000000000000000 0000ffff 00008200 DPL=0 LDT
TR =0048 000000007fd2c058 00000067 00008900 DPL=0 TSS64-avl
GDT=     000000007fd2c000 00000057
IDT=     000000007bb8af58 00000fff
CR0=80010033 CR2=0000000000000000 CR3=000000007f401000 CR4=00000668
DR0=0000000000000000 DR1=0000000000000000 DR2=0000000000000000 DR3=0000000000000000 
DR6=00000000ffff0ff0 DR7=0000000000000400
CCS=0000000000000000 CCD=000000007fbec420 CCO=EFLAGS
EFER=0000000000000d00
Servicing hardware INT=0x20
   163: v=20 e=0000 i=0 cpl=0 IP=0038:000000007f0a4db1 pc=000000007f0a4db1 SP=0030:000000007fbec428 env->regs[R_EAX]=0000000000000000
RAX=0000000000000000 RBX=0000000000000004 RCX=000000007f0d0e18 RDX=0000000000000000
RSI=00000000ffffffff RDI=000000007fc08630 RBP=000000007fbec4a0 RSP=000000007fbec428
R8 =000000007fc08620 R9 =0000000000000000 R10=000000007fc05c03 R11=000000007e0d8c88
R12=000000007fc11c40 R13=0000000000000010 R14=000000007f0d0e60 R15=000000007fc11b40
RIP=000000007f0a4db1 RFL=00000202 [-------] CPL=0 II=0 A20=1 SMM=0 HLT=0
ES =0030 0000000000000000 ffffffff 00cf9300 DPL=0 DS   [-WA]
CS =0038 0000000000000000 ffffffff 00af9a00 DPL=0 CS64 [-R-]
SS =0030 0000000000000000 ffffffff 00cf9300 DPL=0 DS   [-WA]
DS =0030 0000000000000000 ffffffff 00cf9300 DPL=0 DS   [-WA]
FS =0030 0000000000000000 ffffffff 00cf9300 DPL=0 DS   [-WA]
GS =0030 0000000000000000 ffffffff 00cf9300 DPL=0 DS   [-WA]
LDT=0000 0000000000000000 0000ffff 00008200 DPL=0 LDT
TR =0048 000000007fd2c058 00000067 00008900 DPL=0 TSS64-avl
GDT=     000000007fd2c000 00000057
IDT=     000000007bb8af58 00000fff
CR0=80010033 CR2=0000000000000000 CR3=000000007f401000 CR4=00000668
DR0=0000000000000000 DR1=0000000000000000 DR2=0000000000000000 DR3=0000000000000000 
DR6=00000000ffff0ff0 DR7=0000000000000400
CCS=0000000000000000 CCD=000000007fbec420 CCO=EFLAGS
EFER=0000000000000d00
Servicing hardware INT=0x20
   164: v=20 e=0000 i=0 cpl=0 IP=0038:000000007f0a4db1 pc=000000007f0a4db1 SP=0030:000000007fbec428 env->regs[R_EAX]=0000000000000000
RAX=0000000000000000 RBX=0000000000000004 RCX=000000007f0d0e18 RDX=0000000000000000
RSI=00000000ffffffff RDI=000000007fc08630 RBP=000000007fbec4a0 RSP=000000007fbec428
R8 =000000007fc08620 R9 =0000000000000000 R10=000000007fc05c03 R11=000000007e0d8c88
R12=000000007fc11c40 R13=0000000000000010 R14=000000007f0d0e60 R15=000000007fc11b40
RIP=000000007f0a4db1 RFL=00000202 [-------] CPL=0 II=0 A20=1 SMM=0 HLT=0
ES =0030 0000000000000000 ffffffff 00cf9300 DPL=0 DS   [-WA]
CS =0038 0000000000000000 ffffffff 00af9a00 DPL=0 CS64 [-R-]
SS =0030 0000000000000000 ffffffff 00cf9300 DPL=0 DS   [-WA]
DS =0030 0000000000000000 ffffffff 00cf9300 DPL=0 DS   [-WA]
FS =0030 0000000000000000 ffffffff 00cf9300 DPL=0 DS   [-WA]
GS =0030 0000000000000000 ffffffff 00cf9300 DPL=0 DS   [-WA]
LDT=0000 0000000000000000 0000ffff 00008200 DPL=0 LDT
TR =0048 000000007fd2c058 00000067 00008900 DPL=0 TSS64-avl
GDT=     000000007fd2c000 00000057
IDT=     000000007bb8af58 00000fff
CR0=80010033 CR2=0000000000000000 CR3=000000007f401000 CR4=00000668
DR0=0000000000000000 DR1=0000000000000000 DR2=0000000000000000 DR3=0000000000000000 
DR6=00000000ffff0ff0 DR7=0000000000000400
CCS=0000000000000000 CCD=000000007fbec420 CCO=EFLAGS
EFER=0000000000000d00
Servicing hardware INT=0x20
   165: v=20 e=0000 i=0 cpl=0 IP=0038:000000007f0a4db1 pc=000000007f0a4db1 SP=0030:000000007fbec428 env->regs[R_EAX]=0000000000000000
RAX=0000000000000000 RBX=0000000000000004 RCX=000000007f0d0e18 RDX=0000000000000000
RSI=00000000ffffffff RDI=000000007fc08630 RBP=000000007fbec4a0 RSP=000000007fbec428
R8 =000000007fc08620 R9 =0000000000000000 R10=000000007fc05c03 R11=000000007e0d8c88
R12=000000007fc11c40 R13=0000000000000010 R14=000000007f0d0e60 R15=000000007fc11b40
RIP=000000007f0a4db1 RFL=00000202 [-------] CPL=0 II=0 A20=1 SMM=0 HLT=0
ES =0030 0000000000000000 ffffffff 00cf9300 DPL=0 DS   [-WA]
CS =0038 0000000000000000 ffffffff 00af9a00 DPL=0 CS64 [-R-]
SS =0030 0000000000000000 ffffffff 00cf9300 DPL=0 DS   [-WA]
DS =0030 0000000000000000 ffffffff 00cf9300 DPL=0 DS   [-WA]
FS =0030 0000000000000000 ffffffff 00cf9300 DPL=0 DS   [-WA]
GS =0030 0000000000000000 ffffffff 00cf9300 DPL=0 DS   [-WA]
LDT=0000 0000000000000000 0000ffff 00008200 DPL=0 LDT
TR =0048 000000007fd2c058 00000067 00008900 DPL=0 TSS64-avl
GDT=     000000007fd2c000 00000057
IDT=     000000007bb8af58 00000fff
CR0=80010033 CR2=0000000000000000 CR3=000000007f401000 CR4=00000668
DR0=0000000000000000 DR1=0000000000000000 DR2=0000000000000000 DR3=0000000000000000 
DR6=00000000ffff0ff0 DR7=0000000000000400
CCS=0000000000000000 CCD=000000007fbec420 CCO=EFLAGS
EFER=0000000000000d00
Servicing hardware INT=0x20
   166: v=20 e=0000 i=0 cpl=0 IP=0038:000000007f0a4db1 pc=000000007f0a4db1 SP=0030:000000007fbec428 env->regs[R_EAX]=0000000000000000
RAX=0000000000000000 RBX=0000000000000004 RCX=000000007f0d0e18 RDX=0000000000000000
RSI=00000000ffffffff RDI=000000007fc08630 RBP=000000007fbec4a0 RSP=000000007fbec428
R8 =000000007fc08620 R9 =0000000000000000 R10=000000007fc05c03 R11=000000007e0d8c88
R12=000000007fc11c40 R13=0000000000000010 R14=000000007f0d0e60 R15=000000007fc11b40
RIP=000000007f0a4db1 RFL=00000202 [-------] CPL=0 II=0 A20=1 SMM=0 HLT=0
ES =0030 0000000000000000 ffffffff 00cf9300 DPL=0 DS   [-WA]
CS =0038 0000000000000000 ffffffff 00af9a00 DPL=0 CS64 [-R-]
SS =0030 0000000000000000 ffffffff 00cf9300 DPL=0 DS   [-WA]
DS =0030 0000000000000000 ffffffff 00cf9300 DPL=0 DS   [-WA]
FS =0030 0000000000000000 ffffffff 00cf9300 DPL=0 DS   [-WA]
GS =0030 0000000000000000 ffffffff 00cf9300 DPL=0 DS   [-WA]
LDT=0000 0000000000000000 0000ffff 00008200 DPL=0 LDT
TR =0048 000000007fd2c058 00000067 00008900 DPL=0 TSS64-avl
GDT=     000000007fd2c000 00000057
IDT=     000000007bb8af58 00000fff
CR0=80010033 CR2=0000000000000000 CR3=000000007f401000 CR4=00000668
DR0=0000000000000000 DR1=0000000000000000 DR2=0000000000000000 DR3=0000000000000000 
DR6=00000000ffff0ff0 DR7=0000000000000400
CCS=0000000000000000 CCD=000000007fbec420 CCO=EFLAGS
EFER=0000000000000d00
Servicing hardware INT=0x20
   167: v=20 e=0000 i=0 cpl=0 IP=0038:000000007f0a4db1 pc=000000007f0a4db1 SP=0030:000000007fbec428 env->regs[R_EAX]=0000000000000000
RAX=0000000000000000 RBX=0000000000000004 RCX=000000007f0d0e18 RDX=0000000000000000
RSI=00000000ffffffff RDI=000000007fc08630 RBP=000000007fbec4a0 RSP=000000007fbec428
R8 =000000007fc08620 R9 =0000000000000000 R10=000000007fc05c03 R11=000000007e0d8c88
R12=000000007fc11c40 R13=0000000000000010 R14=000000007f0d0e60 R15=000000007fc11b40
RIP=000000007f0a4db1 RFL=00000202 [-------] CPL=0 II=0 A20=1 SMM=0 HLT=0
ES =0030 0000000000000000 ffffffff 00cf9300 DPL=0 DS   [-WA]
CS =0038 0000000000000000 ffffffff 00af9a00 DPL=0 CS64 [-R-]
SS =0030 0000000000000000 ffffffff 00cf9300 DPL=0 DS   [-WA]
DS =0030 0000000000000000 ffffffff 00cf9300 DPL=0 DS   [-WA]
FS =0030 0000000000000000 ffffffff 00cf9300 DPL=0 DS   [-WA]
GS =0030 0000000000000000 ffffffff 00cf9300 DPL=0 DS   [-WA]
LDT=0000 0000000000000000 0000ffff 00008200 DPL=0 LDT
TR =0048 000000007fd2c058 00000067 00008900 DPL=0 TSS64-avl
GDT=     000000007fd2c000 00000057
IDT=     000000007bb8af58 00000fff
CR0=80010033 CR2=0000000000000000 CR3=000000007f401000 CR4=00000668
DR0=0000000000000000 DR1=0000000000000000 DR2=0000000000000000 DR3=0000000000000000 
DR6=00000000ffff0ff0 DR7=0000000000000400
CCS=0000000000000000 CCD=000000007fbec420 CCO=EFLAGS
EFER=0000000000000d00
Servicing hardware INT=0x20
   168: v=20 e=0000 i=0 cpl=0 IP=0038:000000007f0a4db1 pc=000000007f0a4db1 SP=0030:000000007fbec428 env->regs[R_EAX]=0000000000000000
RAX=0000000000000000 RBX=0000000000000004 RCX=000000007f0d0e18 RDX=0000000000000000
RSI=00000000ffffffff RDI=000000007fc08630 RBP=000000007fbec4a0 RSP=000000007fbec428
R8 =000000007fc08620 R9 =0000000000000000 R10=000000007fc05c03 R11=000000007e0d8c88
R12=000000007fc11c40 R13=0000000000000010 R14=000000007f0d0e60 R15=000000007fc11b40
RIP=000000007f0a4db1 RFL=00000202 [-------] CPL=0 II=0 A20=1 SMM=0 HLT=0
ES =0030 0000000000000000 ffffffff 00cf9300 DPL=0 DS   [-WA]
CS =0038 0000000000000000 ffffffff 00af9a00 DPL=0 CS64 [-R-]
SS =0030 0000000000000000 ffffffff 00cf9300 DPL=0 DS   [-WA]
DS =0030 0000000000000000 ffffffff 00cf9300 DPL=0 DS   [-WA]
FS =0030 0000000000000000 ffffffff 00cf9300 DPL=0 DS   [-WA]
GS =0030 0000000000000000 ffffffff 00cf9300 DPL=0 DS   [-WA]
LDT=0000 0000000000000000 0000ffff 00008200 DPL=0 LDT
TR =0048 000000007fd2c058 00000067 00008900 DPL=0 TSS64-avl
GDT=     000000007fd2c000 00000057
IDT=     000000007bb8af58 00000fff
CR0=80010033 CR2=0000000000000000 CR3=000000007f401000 CR4=00000668
DR0=0000000000000000 DR1=0000000000000000 DR2=0000000000000000 DR3=0000000000000000 
DR6=00000000ffff0ff0 DR7=0000000000000400
CCS=0000000000000000 CCD=000000007fbec420 CCO=EFLAGS
EFER=0000000000000d00
Servicing hardware INT=0x20
   169: v=20 e=0000 i=0 cpl=0 IP=0038:000000007f0a4db1 pc=000000007f0a4db1 SP=0030:000000007fbec428 env->regs[R_EAX]=0000000000000000
RAX=0000000000000000 RBX=0000000000000004 RCX=000000007f0d0e18 RDX=0000000000000000
RSI=00000000ffffffff RDI=000000007fc08630 RBP=000000007fbec4a0 RSP=000000007fbec428
R8 =000000007fc08620 R9 =0000000000000000 R10=000000007fc05c03 R11=000000007e0d8c88
R12=000000007fc11c40 R13=0000000000000010 R14=000000007f0d0e60 R15=000000007fc11b40
RIP=000000007f0a4db1 RFL=00000202 [-------] CPL=0 II=0 A20=1 SMM=0 HLT=0
ES =0030 0000000000000000 ffffffff 00cf9300 DPL=0 DS   [-WA]
CS =0038 0000000000000000 ffffffff 00af9a00 DPL=0 CS64 [-R-]
SS =0030 0000000000000000 ffffffff 00cf9300 DPL=0 DS   [-WA]
DS =0030 0000000000000000 ffffffff 00cf9300 DPL=0 DS   [-WA]
FS =0030 0000000000000000 ffffffff 00cf9300 DPL=0 DS   [-WA]
GS =0030 0000000000000000 ffffffff 00cf9300 DPL=0 DS   [-WA]
LDT=0000 0000000000000000 0000ffff 00008200 DPL=0 LDT
TR =0048 000000007fd2c058 00000067 00008900 DPL=0 TSS64-avl
GDT=     000000007fd2c000 00000057
IDT=     000000007bb8af58 00000fff
CR0=80010033 CR2=0000000000000000 CR3=000000007f401000 CR4=00000668
DR0=0000000000000000 DR1=0000000000000000 DR2=0000000000000000 DR3=0000000000000000 
DR6=00000000ffff0ff0 DR7=0000000000000400
CCS=0000000000000000 CCD=000000007fbec420 CCO=EFLAGS
EFER=0000000000000d00
Servicing hardware INT=0x20
   170: v=20 e=0000 i=0 cpl=0 IP=0038:000000007f0a4db1 pc=000000007f0a4db1 SP=0030:000000007fbec428 env->regs[R_EAX]=0000000000000000
RAX=0000000000000000 RBX=0000000000000004 RCX=000000007f0d0e18 RDX=0000000000000000
RSI=00000000ffffffff RDI=000000007fc08630 RBP=000000007fbec4a0 RSP=000000007fbec428
R8 =000000007fc08620 R9 =0000000000000000 R10=000000007fc05c03 R11=000000007e0d8c88
R12=000000007fc11c40 R13=0000000000000010 R14=000000007f0d0e60 R15=000000007fc11b40
RIP=000000007f0a4db1 RFL=00000202 [-------] CPL=0 II=0 A20=1 SMM=0 HLT=0
ES =0030 0000000000000000 ffffffff 00cf9300 DPL=0 DS   [-WA]
CS =0038 0000000000000000 ffffffff 00af9a00 DPL=0 CS64 [-R-]
SS =0030 0000000000000000 ffffffff 00cf9300 DPL=0 DS   [-WA]
DS =0030 0000000000000000 ffffffff 00cf9300 DPL=0 DS   [-WA]
FS =0030 0000000000000000 ffffffff 00cf9300 DPL=0 DS   [-WA]
GS =0030 0000000000000000 ffffffff 00cf9300 DPL=0 DS   [-WA]
LDT=0000 0000000000000000 0000ffff 00008200 DPL=0 LDT
TR =0048 000000007fd2c058 00000067 00008900 DPL=0 TSS64-avl
GDT=     000000007fd2c000 00000057
IDT=     000000007bb8af58 00000fff
CR0=80010033 CR2=0000000000000000 CR3=000000007f401000 CR4=00000668
DR0=0000000000000000 DR1=0000000000000000 DR2=0000000000000000 DR3=0000000000000000 
DR6=00000000ffff0ff0 DR7=0000000000000400
CCS=0000000000000000 CCD=000000007fbec420 CCO=EFLAGS
EFER=0000000000000d00
Servicing hardware INT=0x20
   171: v=20 e=0000 i=0 cpl=0 IP=0038:000000007e9eda22 pc=000000007e9eda22 SP=0030:000000007fbebb20 env->regs[R_EAX]=0000000000000112
RAX=0000000000000112 RBX=0000000000000064 RCX=0000000000000608 RDX=000000000093050b
RSI=000000000093061d RDI=000000007e9a0828 RBP=000000007fbebb50 RSP=000000007fbebb20
R8 =000000007fbebb1c R9 =0000000000000608 R10=0000000000000002 R11=00000000dfffffff
R12=0000000000000000 R13=0000000000000000 R14=8000000000000006 R15=0000000000000000
RIP=000000007e9eda22 RFL=00000206 [-----P-] CPL=0 II=0 A20=1 SMM=0 HLT=0
ES =0030 0000000000000000 ffffffff 00cf9300 DPL=0 DS   [-WA]
CS =0038 0000000000000000 ffffffff 00af9a00 DPL=0 CS64 [-R-]
SS =0030 0000000000000000 ffffffff 00cf9300 DPL=0 DS   [-WA]
DS =0030 0000000000000000 ffffffff 00cf9300 DPL=0 DS   [-WA]
FS =0030 0000000000000000 ffffffff 00cf9300 DPL=0 DS   [-WA]
GS =0030 0000000000000000 ffffffff 00cf9300 DPL=0 DS   [-WA]
LDT=0000 0000000000000000 0000ffff 00008200 DPL=0 LDT
TR =0048 000000007fd2c058 00000067 00008900 DPL=0 TSS64-avl
GDT=     000000007fd2c000 00000057
IDT=     000000007bb8af58 00000fff
CR0=80010033 CR2=0000000000000000 CR3=000000007f401000 CR4=00000668
DR0=0000000000000000 DR1=0000000000000000 DR2=0000000000000000 DR3=0000000000000000 
DR6=00000000ffff0ff0 DR7=0000000000000400
CCS=0000000000000004 CCD=0000000000000112 CCO=EFLAGS
EFER=0000000000000d00
Servicing hardware INT=0x20
   172: v=20 e=0000 i=0 cpl=0 IP=0038:000000007e9ed9d4 pc=000000007e9ed9d4 SP=0030:000000007fbebaa0 env->regs[R_EAX]=0000000000939bfd
RAX=0000000000939bfd RBX=0000000000000064 RCX=0000000000000608 RDX=0000000000000608
RSI=0000000000939bb6 RDI=000000007e9a0828 RBP=000000007fbebaf0 RSP=000000007fbebaa0
R8 =000000007fbebafc R9 =0000000000000608 R10=0000000000000002 R11=00000000dfffffff
R12=0000000000000000 R13=0000000000000000 R14=8000000000000006 R15=0000000000000000
RIP=000000007e9ed9d4 RFL=00000293 [--S-A-C] CPL=0 II=0 A20=1 SMM=0 HLT=0
ES =0030 0000000000000000 ffffffff 00cf9300 DPL=0 DS   [-WA]
CS =0038 0000000000000000 ffffffff 00af9a00 DPL=0 CS64 [-R-]
SS =0030 0000000000000000 ffffffff 00cf9300 DPL=0 DS   [-WA]
DS =0030 0000000000000000 ffffffff 00cf9300 DPL=0 DS   [-WA]
FS =0030 0000000000000000 ffffffff 00cf9300 DPL=0 DS   [-WA]
GS =0030 0000000000000000 ffffffff 00cf9300 DPL=0 DS   [-WA]
LDT=0000 0000000000000000 0000ffff 00008200 DPL=0 LDT
TR =0048 000000007fd2c058 00000067 00008900 DPL=0 TSS64-avl
GDT=     000000007fd2c000 00000057
IDT=     000000007bb8af58 00000fff
CR0=80010033 CR2=0000000000000000 CR3=000000007f401000 CR4=00000668
DR0=0000000000000000 DR1=0000000000000000 DR2=0000000000000000 DR3=0000000000000000 
DR6=00000000ffff0ff0 DR7=0000000000000400
CCS=0000000000000091 CCD=00000000000000fe CCO=EFLAGS
EFER=0000000000000d00
Servicing hardware INT=0x20
   173: v=20 e=0000 i=0 cpl=0 IP=0038:000000007e0eedb0 pc=000000007e0eedb0 SP=0030:000000007fbec3f0 env->regs[R_EAX]=0000000079e5a000
RAX=0000000079e5a000 RBX=00000000001da000 RCX=0000000000000000 RDX=00000000001da000
RSI=0000000000000000 RDI=00000000000f92c0 RBP=000000007fbec3f0 RSP=000000007fbec3f0
R8 =00000000000000a0 R9 =00000000000001da R10=0000000000000002 R11=0000000000000102
R12=0000000100000001 R13=0000000001780000 R14=0000000079e5a000 R15=000000007e12a370
RIP=000000007e0eedb0 RFL=00000202 [-------] CPL=0 II=0 A20=1 SMM=0 HLT=0
ES =0030 0000000000000000 ffffffff 00cf9300 DPL=0 DS   [-WA]
CS =0038 0000000000000000 ffffffff 00af9a00 DPL=0 CS64 [-R-]
SS =0030 0000000000000000 ffffffff 00cf9300 DPL=0 DS   [-WA]
DS =0030 0000000000000000 ffffffff 00cf9300 DPL=0 DS   [-WA]
FS =0030 0000000000000000 ffffffff 00cf9300 DPL=0 DS   [-WA]
GS =0030 0000000000000000 ffffffff 00cf9300 DPL=0 DS   [-WA]
LDT=0000 0000000000000000 0000ffff 00008200 DPL=0 LDT
TR =0048 000000007fd2c058 00000067 00008900 DPL=0 TSS64-avl
GDT=     000000007fd2c000 00000057
IDT=     000000007bb8af58 00000fff
CR0=80010033 CR2=0000000000000000 CR3=000000007f401000 CR4=00000668
DR0=0000000000000000 DR1=0000000000000000 DR2=0000000000000000 DR3=0000000000000000 
DR6=00000000ffff0ff0 DR7=0000000000000400
CCS=0000000000000000 CCD=00000000000e0d40 CCO=EFLAGS
EFER=0000000000000d00
Servicing hardware INT=0x20
   174: v=20 e=0000 i=0 cpl=0 IP=0038:000000007e9ed9d4 pc=000000007e9ed9d4 SP=0030:000000007fbebe90 env->regs[R_EAX]=000000000094b0a7
RAX=000000000094b0a7 RBX=0000000000000064 RCX=0000000000000608 RDX=0000000000000608
RSI=000000000094b04a RDI=000000007e9a0828 RBP=000000007fbebee0 RSP=000000007fbebe90
R8 =000000007fbebeec R9 =0000000000000608 R10=0000000000000002 R11=00000000dfffffff
R12=0000000000000000 R13=0000000000000000 R14=8000000000000006 R15=0000000000000000
RIP=000000007e9ed9d4 RFL=00000293 [--S-A-C] CPL=0 II=0 A20=1 SMM=0 HLT=0
ES =0030 0000000000000000 ffffffff 00cf9300 DPL=0 DS   [-WA]
CS =0038 0000000000000000 ffffffff 00af9a00 DPL=0 CS64 [-R-]
SS =0030 0000000000000000 ffffffff 00cf9300 DPL=0 DS   [-WA]
DS =0030 0000000000000000 ffffffff 00cf9300 DPL=0 DS   [-WA]
FS =0030 0000000000000000 ffffffff 00cf9300 DPL=0 DS   [-WA]
GS =0030 0000000000000000 ffffffff 00cf9300 DPL=0 DS   [-WA]
LDT=0000 0000000000000000 0000ffff 00008200 DPL=0 LDT
TR =0048 000000007fd2c058 00000067 00008900 DPL=0 TSS64-avl
GDT=     000000007fd2c000 00000057
IDT=     000000007bb8af58 00000fff
CR0=80010033 CR2=0000000000000000 CR3=000000007f401000 CR4=00000668
DR0=0000000000000000 DR1=0000000000000000 DR2=0000000000000000 DR3=0000000000000000 
DR6=00000000ffff0ff0 DR7=0000000000000400
CCS=0000000000000091 CCD=00000000000000fe CCO=EFLAGS
EFER=0000000000000d00
Servicing hardware INT=0x20
   175: v=20 e=0000 i=0 cpl=0 IP=0038:000000007e9f20a3 pc=000000007e9f20a3 SP=0030:000000007fbebf18 env->regs[R_EAX]=0000000000000000
RAX=0000000000000000 RBX=000000007e906380 RCX=0000000000010001 RDX=0000000000000000
RSI=0000000000000000 RDI=000000007e7be068 RBP=000000007fbebf90 RSP=000000007fbebf18
R8 =0000000000000000 R9 =0000000000000000 R10=0000000000000000 R11=0000000000000001
R12=000000007fbec038 R13=0000000000008000 R14=000000007e9a0828 R15=0000000000000000
RIP=000000007e9f20a3 RFL=00010246 [---Z-P-] CPL=0 II=0 A20=1 SMM=0 HLT=0
ES =0030 0000000000000000 ffffffff 00cf9300 DPL=0 DS   [-WA]
CS =0038 0000000000000000 ffffffff 00af9a00 DPL=0 CS64 [-R-]
SS =0030 0000000000000000 ffffffff 00cf9300 DPL=0 DS   [-WA]
DS =0030 0000000000000000 ffffffff 00cf9300 DPL=0 DS   [-WA]
FS =0030 0000000000000000 ffffffff 00cf9300 DPL=0 DS   [-WA]
GS =0030 0000000000000000 ffffffff 00cf9300 DPL=0 DS   [-WA]
LDT=0000 0000000000000000 0000ffff 00008200 DPL=0 LDT
TR =0048 000000007fd2c058 00000067 00008900 DPL=0 TSS64-avl
GDT=     000000007fd2c000 00000057
IDT=     000000007bb8af58 00000fff
CR0=80010033 CR2=0000000000000000 CR3=000000007f401000 CR4=00000668
DR0=0000000000000000 DR1=0000000000000000 DR2=0000000000000000 DR3=0000000000000000 
DR6=00000000ffff0ff0 DR7=0000000000000400
CCS=0000000000000044 CCD=0000000000000000 CCO=EFLAGS
EFER=0000000000000d00
Servicing hardware INT=0x20
   176: v=20 e=0000 i=0 cpl=0 IP=0038:000000007e9eda22 pc=000000007e9eda22 SP=0030:000000007fbebef0 env->regs[R_EAX]=000000000000003a
RAX=000000000000003a RBX=0000000000000064 RCX=0000000000000608 RDX=000000000095c3bb
RSI=000000000095c3f5 RDI=000000007e9a0828 RBP=000000007fbebf20 RSP=000000007fbebef0
R8 =000000007fbebeec R9 =0000000000000608 R10=0000000000000002 R11=00000000dfffffff
R12=0000000000000000 R13=0000000000000000 R14=8000000000000006 R15=0000000000000000
RIP=000000007e9eda22 RFL=00000206 [-----P-] CPL=0 II=0 A20=1 SMM=0 HLT=0
ES =0030 0000000000000000 ffffffff 00cf9300 DPL=0 DS   [-WA]
CS =0038 0000000000000000 ffffffff 00af9a00 DPL=0 CS64 [-R-]
SS =0030 0000000000000000 ffffffff 00cf9300 DPL=0 DS   [-WA]
DS =0030 0000000000000000 ffffffff 00cf9300 DPL=0 DS   [-WA]
FS =0030 0000000000000000 ffffffff 00cf9300 DPL=0 DS   [-WA]
GS =0030 0000000000000000 ffffffff 00cf9300 DPL=0 DS   [-WA]
LDT=0000 0000000000000000 0000ffff 00008200 DPL=0 LDT
TR =0048 000000007fd2c058 00000067 00008900 DPL=0 TSS64-avl
GDT=     000000007fd2c000 00000057
IDT=     000000007bb8af58 00000fff
CR0=80010033 CR2=0000000000000000 CR3=000000007f401000 CR4=00000668
DR0=0000000000000000 DR1=0000000000000000 DR2=0000000000000000 DR3=0000000000000000 
DR6=00000000ffff0ff0 DR7=0000000000000400
CCS=0000000000000004 CCD=000000000000003a CCO=EFLAGS
EFER=0000000000000d00
Servicing hardware INT=0x20
   177: v=20 e=0000 i=0 cpl=0 IP=0038:000000007e9f20a3 pc=000000007e9f20a3 SP=0030:000000007fbebf18 env->regs[R_EAX]=0000000000000000
RAX=0000000000000000 RBX=000000007e906380 RCX=0000000000010001 RDX=0000000000000000
RSI=0000000000000000 RDI=000000007e7be068 RBP=000000007fbebf90 RSP=000000007fbebf18
R8 =0000000000000000 R9 =0000000000000000 R10=0000000000000000 R11=0000000000000001
R12=000000007fbec038 R13=0000000000008000 R14=000000007e9a0828 R15=0000000000000000
RIP=000000007e9f20a3 RFL=00010246 [---Z-P-] CPL=0 II=0 A20=1 SMM=0 HLT=0
ES =0030 0000000000000000 ffffffff 00cf9300 DPL=0 DS   [-WA]
CS =0038 0000000000000000 ffffffff 00af9a00 DPL=0 CS64 [-R-]
SS =0030 0000000000000000 ffffffff 00cf9300 DPL=0 DS   [-WA]
DS =0030 0000000000000000 ffffffff 00cf9300 DPL=0 DS   [-WA]
FS =0030 0000000000000000 ffffffff 00cf9300 DPL=0 DS   [-WA]
GS =0030 0000000000000000 ffffffff 00cf9300 DPL=0 DS   [-WA]
LDT=0000 0000000000000000 0000ffff 00008200 DPL=0 LDT
TR =0048 000000007fd2c058 00000067 00008900 DPL=0 TSS64-avl
GDT=     000000007fd2c000 00000057
IDT=     000000007bb8af58 00000fff
CR0=80010033 CR2=0000000000000000 CR3=000000007f401000 CR4=00000668
DR0=0000000000000000 DR1=0000000000000000 DR2=0000000000000000 DR3=0000000000000000 
DR6=00000000ffff0ff0 DR7=0000000000000400
CCS=0000000000000044 CCD=0000000000000000 CCO=EFLAGS
EFER=0000000000000d00
Servicing hardware INT=0x20
   178: v=20 e=0000 i=0 cpl=0 IP=0038:000000007e9eda22 pc=000000007e9eda22 SP=0030:000000007fbebef0 env->regs[R_EAX]=000000000000002d
RAX=000000000000002d RBX=0000000000000064 RCX=0000000000000608 RDX=000000000096d903
RSI=000000000096d930 RDI=000000007e9a0828 RBP=000000007fbebf20 RSP=000000007fbebef0
R8 =000000007fbebeec R9 =0000000000000608 R10=0000000000000002 R11=00000000dfffffff
R12=0000000000000000 R13=0000000000000000 R14=8000000000000006 R15=0000000000000000
RIP=000000007e9eda22 RFL=00000206 [-----P-] CPL=0 II=0 A20=1 SMM=0 HLT=0
ES =0030 0000000000000000 ffffffff 00cf9300 DPL=0 DS   [-WA]
CS =0038 0000000000000000 ffffffff 00af9a00 DPL=0 CS64 [-R-]
SS =0030 0000000000000000 ffffffff 00cf9300 DPL=0 DS   [-WA]
DS =0030 0000000000000000 ffffffff 00cf9300 DPL=0 DS   [-WA]
FS =0030 0000000000000000 ffffffff 00cf9300 DPL=0 DS   [-WA]
GS =0030 0000000000000000 ffffffff 00cf9300 DPL=0 DS   [-WA]
LDT=0000 0000000000000000 0000ffff 00008200 DPL=0 LDT
TR =0048 000000007fd2c058 00000067 00008900 DPL=0 TSS64-avl
GDT=     000000007fd2c000 00000057
IDT=     000000007bb8af58 00000fff
CR0=80010033 CR2=0000000000000000 CR3=000000007f401000 CR4=00000668
DR0=0000000000000000 DR1=0000000000000000 DR2=0000000000000000 DR3=0000000000000000 
DR6=00000000ffff0ff0 DR7=0000000000000400
CCS=0000000000000004 CCD=000000000000002d CCO=EFLAGS
EFER=0000000000000d00
Servicing hardware INT=0x20
   179: v=20 e=0000 i=0 cpl=0 IP=0038:000000007e0eedb0 pc=000000007e0eedb0 SP=0030:000000007fbec420 env->regs[R_EAX]=000000007bbc4000
RAX=000000007bbc4000 RBX=0000000000010000 RCX=0000000000000000 RDX=0000000000010000
RSI=0000000000000000 RDI=00000000000083e0 RBP=000000007fbec420 RSP=000000007fbec420
R8 =00000000000000a6 R9 =00000000000001ec R10=0000000000000002 R11=0000000000000111
R12=0000000100000001 R13=000000007bbac000 R14=000000007bbc4000 R15=000000007e12a370
RIP=000000007e0eedb0 RFL=00000202 [-------] CPL=0 II=0 A20=1 SMM=0 HLT=0
ES =0030 0000000000000000 ffffffff 00cf9300 DPL=0 DS   [-WA]
CS =0038 0000000000000000 ffffffff 00af9a00 DPL=0 CS64 [-R-]
SS =0030 0000000000000000 ffffffff 00cf9300 DPL=0 DS   [-WA]
DS =0030 0000000000000000 ffffffff 00cf9300 DPL=0 DS   [-WA]
FS =0030 0000000000000000 ffffffff 00cf9300 DPL=0 DS   [-WA]
GS =0030 0000000000000000 ffffffff 00cf9300 DPL=0 DS   [-WA]
LDT=0000 0000000000000000 0000ffff 00008200 DPL=0 LDT
TR =0048 000000007fd2c058 00000067 00008900 DPL=0 TSS64-avl
GDT=     000000007fd2c000 00000057
IDT=     000000007bb8af58 00000fff
CR0=80010033 CR2=0000000000000000 CR3=000000007f401000 CR4=00000668
DR0=0000000000000000 DR1=0000000000000000 DR2=0000000000000000 DR3=0000000000000000 
DR6=00000000ffff0ff0 DR7=0000000000000400
CCS=0000000000000000 CCD=0000000000007c20 CCO=EFLAGS
EFER=0000000000000d00
Servicing hardware INT=0x21
   180: v=21 e=0000 i=0 cpl=0 IP=0008:ffffffff80005fb4 pc=ffffffff80005fb4 SP=0010:ffff80007bbd3ef0 env->regs[R_EAX]=0000000000000000
RAX=0000000000000000 RBX=0000000000000000 RCX=0000000000000000 RDX=0000000000000000
RSI=ffffffff80011840 RDI=ffff80007bbd3dc0 RBP=0000000000000000 RSP=ffff80007bbd3ef0
R8 =ffffffff80014568 R9 =ffffffff800134a0 R10=0000000000000008 R11=0000000000000001
R12=0000000000000000 R13=0000000000000000 R14=0000000000000000 R15=0000000000000000
RIP=ffffffff80005fb4 RFL=00000246 [---Z-P-] CPL=0 II=0 A20=1 SMM=0 HLT=0
ES =0010 0000000000000000 000fffff 000f9300 DPL=0 DS   [-WA]
CS =0008 0000000000000000 ffffffff 00af9b00 DPL=0 CS64 [-RA]
SS =0010 0000000000000000 000fffff 000f9300 DPL=0 DS   [-WA]
DS =0010 0000000000000000 000fffff 000f9300 DPL=0 DS   [-WA]
FS =0030 0000000000000000 00000000 00009300 DPL=0 DS   [-WA]
GS =0030 0000000000000000 00000000 00009300 DPL=0 DS   [-WA]
LDT=0000 0000000000000000 00000000 00008200 DPL=0 LDT
TR =0038 0000000000000000 00000000 00008900 DPL=0 TSS64-avl
GDT=     ffffffff80016000 00000017
IDT=     ffffffff80016290 00000fff
CR0=80010011 CR2=0000000000000000 CR3=000000007bbc3000 CR4=00000020
DR0=0000000000000000 DR1=0000000000000000 DR2=0000000000000000 DR3=0000000000000000 
DR6=00000000ffff0ff0 DR7=0000000000000400
CCS=0000000000000044 CCD=0000000000000000 CCO=EFLAGS
EFER=0000000000000d00
check_exception old: 0xffffffff new 0xd
   181: v=0d e=010a i=0 cpl=0 IP=0008:ffffffff80005fb4 pc=ffffffff80005fb4 SP=0010:ffff80007bbd3ef0 env->regs[R_EAX]=0000000000000000
RAX=0000000000000000 RBX=0000000000000000 RCX=0000000000000000 RDX=0000000000000000
RSI=ffffffff80011840 RDI=ffff80007bbd3dc0 RBP=0000000000000000 RSP=ffff80007bbd3ef0
R8 =ffffffff80014568 R9 =ffffffff800134a0 R10=0000000000000008 R11=0000000000000001
R12=0000000000000000 R13=0000000000000000 R14=0000000000000000 R15=0000000000000000
RIP=ffffffff80005fb4 RFL=00000246 [---Z-P-] CPL=0 II=0 A20=1 SMM=0 HLT=0
ES =0010 0000000000000000 000fffff 000f9300 DPL=0 DS   [-WA]
CS =0008 0000000000000000 ffffffff 00af9b00 DPL=0 CS64 [-RA]
SS =0010 0000000000000000 000fffff 000f9300 DPL=0 DS   [-WA]
DS =0010 0000000000000000 000fffff 000f9300 DPL=0 DS   [-WA]
FS =0030 0000000000000000 00000000 00009300 DPL=0 DS   [-WA]
GS =0030 0000000000000000 00000000 00009300 DPL=0 DS   [-WA]
LDT=0000 0000000000000000 00000000 00008200 DPL=0 LDT
TR =0038 0000000000000000 00000000 00008900 DPL=0 TSS64-avl
GDT=     ffffffff80016000 00000017
IDT=     ffffffff80016290 00000fff
CR0=80010011 CR2=0000000000000000 CR3=000000007bbc3000 CR4=00000020
DR0=0000000000000000 DR1=0000000000000000 DR2=0000000000000000 DR3=0000000000000000 
DR6=00000000ffff0ff0 DR7=0000000000000400
CCS=0000000000000044 CCD=0000000000000000 CCO=EFLAGS
EFER=0000000000000d00
